time/total_timesteps,time/episodes,rollout/ep_len_mean,rollout/exploration rate,time/fps,time/time_elapsed,rollout/ep_rew_mean,train/n_updates,train/learning_rate,train/loss,eval/mean_reward,eval/mean_ep_length
404,4,101.0,0.97333600000001,863,0,-169.42837125,,,,,
749,8,93.625,0.9505659999999927,956,0,-201.461679,,,,,
1132,12,94.33333333333333,0.9252879999999986,928,1,-215.8192175,,,,,
1518,16,94.875,0.8998119999999987,998,1,-218.24114668750002,,,,,
1847,20,92.35,0.8780979999999972,1035,1,-196.44636045000001,,,,,
2236,24,93.16666666666667,0.8524239999999916,979,2,-220.10626408333334,,,,,
2604,28,93.0,0.828136000000004,963,2,-212.5445563214286,,,,,
2922,32,91.3125,0.807147999999994,955,3,-205.72130640625,,,,,
3285,36,91.25,0.7831900000000085,942,3,-201.11717344444443,,,,,
3599,40,89.975,0.7624659999999914,920,3,-193.844702025,,,,,
3971,44,90.25,0.7379140000000108,919,4,-205.11449240909087,,,,,
4346,48,90.54166666666667,0.7131640000000026,923,4,-200.39361306249998,,,,,
4690,52,90.1923076923077,0.6904599999999945,897,5,-197.32075634615381,,,,,
5118,56,91.39285714285714,0.6622120000000029,897,5,-199.61457555357143,,,,,
5551,60,92.51666666666667,0.6336340000000091,885,6,-198.37606645,,,,,
5980,64,93.4375,0.6053200000000083,864,6,-194.604412953125,,,,,
6332,68,93.11764705882354,0.5820879999999924,846,7,-191.9314553970588,,,,,
6722,72,93.36111111111111,0.5563479999999996,829,8,-191.84470804166665,,,,,
7084,76,93.21052631578948,0.5324560000000014,818,8,-194.00974810526316,,,,,
7420,80,92.75,0.5102800000000012,800,9,-191.04033275,,,,,
7776,84,92.57142857142857,0.48678399999999233,797,9,-189.32443511904762,,,,,
8090,88,91.93181818181819,0.46605999999999725,800,10,-186.2138045568182,,,,,
8560,92,93.04347826086956,0.4350399999999919,782,10,-190.22116977173917,,,,,
8884,96,92.54166666666667,0.4136559999999925,772,11,-188.06624413541667,,,,,
9212,100,92.12,0.39200800000000025,775,11,-189.24763942,,,,,
9554,104,91.5,0.36943600000001053,768,12,-189.98158385999994,,,,,
9883,108,91.34,0.34772200000000897,766,12,-188.12977315000006,,,,,
10326,112,91.94,0.31848400000001087,779,13,-187.51657365000003,,,,,
10650,116,91.32,0.2970999999999895,788,13,-185.99659400000002,,,,,
11036,120,91.89,0.27162399999998965,798,13,-192.27237399,,,,,
11405,124,91.69,0.24726999999999288,806,14,-183.89304500999998,,,,,
11755,128,91.51,0.22416999999999532,817,14,-186.46421983000005,,,,,
12150,132,92.28,0.1981000000000004,827,14,-189.87672861000001,,,,,
12465,136,91.8,0.1773099999999962,833,14,-189.38790813,,,,,
12886,140,92.87,0.1495240000000031,845,15,-190.44061064,,,,,
13225,144,92.54,0.1271499999999972,855,15,-186.94684712000003,,,,,
13547,148,92.01,0.10589799999999439,864,15,-190.126555,,,,,
13962,152,92.72,0.0785079999999907,873,15,-191.2732179,,,,,
14377,156,92.59,0.05111800000000921,882,16,-191.76876638000005,,,,,
14714,160,91.63,0.02887599999999968,891,16,-189.64020119,,,,,
15054,164,90.74,0.01,900,16,-190.93586972,,,,,
15458,168,91.26,0.01,909,16,-191.20748763999995,,,,,
15798,172,90.76,0.01,897,17,-192.67424121,,,,,
16119,176,90.35,0.01,894,18,-192.40644021,,,,,
16472,180,90.52,0.01,894,18,-195.1359463,,,,,
16842,184,90.66,0.01,864,19,-196.71827531000002,,,,,
17162,188,90.72,0.01,807,21,-199.22960694999998,,,,,
17436,192,88.76,0.01,772,22,-194.50379769000003,,,,,
17770,196,88.86,0.01,733,24,-196.46985932999996,,,,,
18178,200,89.66,0.01,691,26,-197.56734405,,,,,
18545,204,89.91,0.01,664,27,-198.58610776,,,,,
18876,208,89.93,0.01,654,28,-199.00405978999999,,,,,
19271,212,89.45,0.01,655,29,-202.15873047000002,,,,,
19584,216,89.34,0.01,659,29,-199.65062192999997,,,,,
19934,220,88.98,0.01,664,29,-202.00834643999994,,,,,
20236,224,88.31,0.01,670,30,-201.39774942000003,,,,,
20682,228,89.27,0.01,674,30,-198.71641685999998,,,,,
21024,232,88.74,0.01,678,30,-194.64345706000003,,,,,
21467,236,90.02,0.01,687,31,-199.20047098000003,,,,,
21858,240,89.72,0.01,694,31,-198.41386754000004,,,,,
22210,244,89.85,0.01,698,31,-196.56087965999998,,,,,
22595,248,90.48,0.01,703,32,-193.14304516999997,,,,,
23009,252,90.47,0.01,709,32,-200.97721259999997,,,,,
23386,256,90.09,0.01,715,32,-196.91819354999998,,,,,
23700,260,89.86,0.01,718,33,-198.60652983000003,,,,,
24014,264,89.6,0.01,721,33,-196.75348793000003,,,,,
24378,268,89.2,0.01,726,33,-197.20516511000002,,,,,
24835,272,90.37,0.01,733,33,-193.77266512999995,,,,,
25190,276,90.71,0.01,738,34,-193.52640914,,,,,
25514,280,90.42,0.01,741,34,-191.99881638,,,,,
25898,284,90.56,0.01,747,34,-196.77234682999998,,,,,
26230,288,90.68,0.01,751,34,-202.24660239000002,,,,,
26586,292,91.5,0.01,755,35,-202.41975291000003,,,,,
26943,296,91.73,0.01,758,35,-202.80714826,,,,,
27272,300,90.94,0.01,762,35,-200.99540221999996,,,,,
27607,304,90.62,0.01,766,35,-200.74504586,,,,,
27956,308,90.8,0.01,771,36,-200.58903242999997,,,,,
28397,312,91.26,0.01,776,36,-195.93213310000002,,,,,
28752,316,91.68,0.01,772,37,-196.49178845000003,,,,,
29124,320,91.9,0.01,773,37,-190.20183089,,,,,
29452,324,92.16,0.01,770,38,-194.95021985,,,,,
29805,328,91.23,0.01,769,38,-198.44275241,,,,,
30171,332,91.47,0.01,769,39,-203.52735505,,,,,
30467,336,90.0,0.01,768,39,-199.00789210000002,,,,,
30877,340,90.19,0.01,769,40,-206.21866121000002,,,,,
31217,344,90.07,0.01,769,40,-205.59640646,,,,,
31589,348,89.94,0.01,770,41,-209.75100347,,,,,
31976,352,89.67,0.01,774,41,-205.60049582,,,,,
32448,356,90.62,0.01,778,41,-209.94573259,,,,,
32819,360,91.19,0.01,781,41,-208.83404743999995,,,,,
33160,364,91.46,0.01,784,42,-208.20926022000003,,,,,
33478,368,91.0,0.01,788,42,-210.27122486000005,,,,,
33862,372,90.27,0.01,791,42,-213.59710014,,,,,
34209,376,90.19,0.01,794,43,-211.23679609,,,,,
34579,380,90.65,0.01,798,43,-212.21824129000004,,,,,
34909,384,90.11,0.01,801,43,-210.58581909999992,,,,,
35258,388,90.28,0.01,805,43,-204.39043048,,,,,
35624,392,90.38,0.01,808,44,-209.55565799000004,,,,,
35992,396,90.49,0.01,811,44,-210.64316319000002,,,,,
36410,400,91.38,0.01,814,44,-210.83427709,,,,,
36730,404,91.23,0.01,817,44,-211.17901154000003,,,,,
37210,408,92.54,0.01,822,45,-209.84161637999998,,,,,
37564,412,91.67,0.01,823,45,-212.51039177999996,,,,,
37958,416,92.06,0.01,825,46,-220.16289809999998,,,,,
38394,420,92.7,0.01,829,46,-221.31519073000004,,,,,
38791,424,93.39,0.01,833,46,-221.29784958,,,,,
39200,428,93.95,0.01,836,46,-221.01338703999997,,,,,
39520,432,93.49,0.01,838,47,-215.81773656000001,,,,,
39963,436,94.96,0.01,842,47,-215.49732050000003,,,,,
40397,440,95.2,0.01,845,47,-212.09286304,,,,,
40760,444,95.43,0.01,848,48,-212.30944102000004,,,,,
41132,448,95.43,0.01,850,48,-210.39860474,,,,,
41515,452,95.39,0.01,853,48,-208.70402566000004,,,,,
41891,456,94.43,0.01,857,48,-204.02223818000002,,,,,
42195,460,93.76,0.01,859,49,-203.76826083999995,,,,,
42474,464,93.14,0.01,860,49,-204.55973261,,,,,
42778,468,93.0,0.01,863,49,-201.90446796,,,,,
43154,472,92.92,0.01,866,49,-198.26619002000004,,,,,
43525,476,93.16,0.01,869,50,-197.27159376,,,,,
43899,480,93.2,0.01,872,50,-196.54822270000005,,,,,
44218,484,93.09,0.01,875,50,-194.16185145,,,,,
44628,488,93.7,0.01,878,50,-194.71226153,,,,,
45010,492,93.86,0.01,880,51,-192.17444618,,,,,
45390,496,93.98,0.01,882,51,-190.08237316999998,,,,,
45835,500,94.25,0.01,885,51,-192.37354255,,,,,
46227,504,94.97,0.01,888,52,-190.55773910999997,,,,,
46639,508,94.29,0.01,889,52,-193.33762863999996,,,,,
47038,512,94.74,0.01,886,53,-189.94324639999996,,,,,
47417,516,94.59,0.01,882,53,-182.66308973,,,,,
47773,520,93.79,0.01,883,54,-184.80105048000001,,,,,
48161,524,93.7,0.01,881,54,-183.43568779,,,,,
48523,528,93.23,0.01,883,54,-178.6377078,,,,,
48855,532,93.35,0.01,883,55,-183.61835019999998,,,,,
49190,536,92.27,0.01,883,55,-187.28432053,,,,,
49453,540,90.56,0.01,883,55,-184.44148909,,,,,
49893,544,91.33,0.01,886,56,-189.15867225,,,,,
50464,548,93.32,0.01,680,74,-214.8882472,115,5e-05,33.573673248291016,,
50804,552,92.89,0.01,585,86,-227.64357187,200,5e-05,31.698266983032227,,
51309,556,94.18,0.01,482,106,-257.4875101299999,327,5e-05,40.016075134277344,,
51694,560,94.99,0.01,381,135,-276.08297025,423,5e-05,29.587324142456055,,
52305,564,98.31,0.01,316,165,-319.66264830000006,576,5e-05,34.648948669433594,,
52677,568,98.99,0.01,293,179,-337.51697128,669,5e-05,104.43220520019531,,
53170,572,100.16,0.01,246,215,-360.64470234,792,5e-05,19.087499618530273,,
53539,576,100.14,0.01,231,231,-380.36805352999994,884,5e-05,19.45977020263672,,
54098,580,101.99,0.01,204,265,-413.35345911999997,1024,5e-05,95.50125885009766,,
54467,584,102.49,0.01,187,290,-428.42069922999997,1116,5e-05,22.070453643798828,,
54937,588,103.09,0.01,177,310,-451.86017022,1234,5e-05,24.1236515045166,,
55404,592,103.94,0.01,168,328,-468.72705792,1350,5e-05,22.601390838623047,,
55860,596,104.7,0.01,163,340,-481.89455492,1464,5e-05,133.3013153076172,,
56410,600,105.75,0.01,157,358,-486.29108811000003,1602,5e-05,19.98805809020996,,
56961,604,107.34,0.01,141,402,-491.53897515000006,1740,5e-05,28.118209838867188,,
57394,608,107.55,0.01,136,421,-492.56930702,1848,5e-05,26.33773422241211,,
57845,612,108.07,0.01,124,464,-493.68876819999997,1961,5e-05,86.35169982910156,,
58342,616,109.25,0.01,112,517,-496.97357225,2085,5e-05,56.979026794433594,,
59035,620,112.62,0.01,95,615,-495.10535297,2258,5e-05,26.898941040039062,,
59808,624,116.47,0.01,85,696,-498.51071519,2451,5e-05,20.191055297851562,,
60208,628,116.85,0.01,81,739,-502.29740754,2551,5e-05,110.49324035644531,,
60890,632,120.35,0.01,79,762,-502.34459936,2722,5e-05,97.5434341430664,,
61516,636,123.26,0.01,78,785,-499.28969780999984,2878,5e-05,27.79104232788086,,
62214,640,127.61,0.01,74,831,-507.54093308000006,3053,5e-05,42.39850616455078,,
62912,644,130.19,0.01,73,857,-507.8716084,3227,5e-05,39.293617248535156,,
64285,648,138.21,0.01,69,929,-488.95283208999996,3571,5e-05,89.13856506347656,,
65640,652,148.36,0.01,65,1005,-485.2723845,3909,5e-05,27.83124542236328,,
66422,656,151.13,0.01,60,1100,-460.69032738999994,4105,5e-05,157.56527709960938,,
66907,660,152.13,0.01,58,1153,-448.44893012,4226,5e-05,37.00389862060547,,
67421,664,151.16,0.01,56,1186,-409.48897972999987,4355,5e-05,106.61028289794922,,
68520,668,158.43,0.01,54,1266,-398.20193078000005,4629,5e-05,93.55838012695312,,
69981,672,168.11,0.01,52,1342,-384.32332836999996,4995,5e-05,111.78665161132812,,
72355,676,188.16,0.01,49,1454,-375.13354582,5588,5e-05,37.236724853515625,,
73662,680,195.64,0.01,48,1528,-345.1696082000001,5915,5e-05,40.50514221191406,,
74726,684,202.59,0.01,47,1586,-333.21263051999995,6181,5e-05,37.801753997802734,,
77125,688,221.88,0.01,44,1738,-315.22872476000003,6781,5e-05,49.34038162231445,,
80375,692,249.71,0.01,42,1913,-307.46411229999995,7593,5e-05,99.42138671875,,
85116,696,292.56,0.01,39,2165,-301.91757,8778,5e-05,56.03807067871094,,
90811,700,344.01,0.01,37,2436,-304.78407438,10202,5e-05,85.83386993408203,,
98631,704,416.7,0.01,34,2863,-309.95708407,12157,5e-05,49.22194290161133,,
100000,,,0.01,,,,12499,5e-05,71.89128112792969,-307.7704167717078,362.0
101954,708,445.6,0.01,33,3027,-313.5971445300001,12988,5e-05,119.42434692382812,,
104183,712,463.38,0.01,33,3122,-316.12385515000005,13545,5e-05,46.112953186035156,,
105310,716,469.68,0.01,33,3170,-316.65637055999997,13827,5e-05,50.819854736328125,,
107425,720,483.9,0.01,32,3257,-317.34112726,14356,5e-05,46.93442916870117,,
111606,724,517.98,0.01,32,3445,-318.10630739,15401,5e-05,56.89516067504883,,
113340,728,531.32,0.01,32,3524,-317.21900685,15834,5e-05,91.95082092285156,,
114023,732,531.33,0.01,32,3551,-314.18225566,16005,5e-05,53.80081558227539,,
114659,736,531.43,0.01,32,3576,-310.30997656000005,16164,5e-05,50.34861373901367,,
119223,740,570.09,0.01,31,3797,-306.11754168999994,17305,5e-05,49.117679595947266,,
120128,744,572.16,0.01,31,3857,-305.72605889,17531,5e-05,56.52857971191406,,
120918,748,566.33,0.01,31,3887,-298.3874164399999,17729,5e-05,47.13112258911133,,
123169,752,575.29,0.01,30,3985,-288.28359958999994,18292,5e-05,52.59244155883789,,
123895,756,574.73,0.01,30,4034,-284.19038433,18473,5e-05,121.80706787109375,,
124993,760,580.86,0.01,30,4080,-278.64771805,18748,5e-05,58.04789733886719,,
125953,764,585.32,0.01,30,4134,-274.67847248999993,18988,5e-05,50.543087005615234,,
126892,768,583.72,0.01,30,4171,-266.64685914,19222,5e-05,66.01396179199219,,
127704,772,577.23,0.01,30,4199,-260.6541574700001,19425,5e-05,68.94683074951172,,
129832,776,574.77,0.01,30,4282,-251.1192249,19957,5e-05,76.55404663085938,,
132196,780,585.34,0.01,30,4374,-247.42481718000002,20548,5e-05,119.59321594238281,,
134050,784,593.24,0.01,30,4445,-244.33124207,21012,5e-05,128.54470825195312,,
134850,788,577.25,0.01,30,4475,-243.09707393999997,21212,5e-05,58.37177658081055,,
135603,792,552.28,0.01,30,4503,-232.43480297,21400,5e-05,63.22230529785156,,
137102,796,519.86,0.01,30,4556,-226.48108454999993,21775,5e-05,64.53825378417969,,
138152,800,473.41,0.01,29,4614,-215.69454334,22037,5e-05,123.75617218017578,,
138855,804,402.24,0.01,29,4640,-204.66985528,22213,5e-05,117.80164337158203,,
139671,808,377.17,0.01,29,4669,-200.23848171999998,22417,5e-05,135.12078857421875,,
140235,812,360.52,0.01,29,4689,-197.98948477999994,22558,5e-05,67.64897918701172,,
140743,816,354.33,0.01,29,4708,-196.78518656000003,22685,5e-05,79.97350311279297,,
141691,820,342.66,0.01,29,4739,-198.91217577,22922,5e-05,67.52500915527344,,
142391,824,307.85,0.01,29,4763,-196.06426237,23097,5e-05,68.45098876953125,,
143183,828,298.43,0.01,29,4792,-197.53527472999997,23295,5e-05,82.759033203125,,
143738,832,297.15,0.01,29,4811,-194.06426086,23434,5e-05,63.744384765625,,
144460,836,298.01,0.01,29,4837,-199.87326271999999,23614,5e-05,72.27513885498047,,
145330,840,261.07,0.01,29,4860,-197.19933151000004,23832,5e-05,108.46626281738281,,
146515,844,263.87,0.01,30,4881,-198.04855283,24128,5e-05,96.34614562988281,,
147781,848,268.63,0.01,30,4903,-197.32005420000002,24445,5e-05,71.33443450927734,,
148583,852,254.14,0.01,30,4916,-197.54872693,24645,5e-05,61.199317932128906,,
149792,856,258.97,0.01,30,4938,-198.72507710000002,24947,5e-05,88.32616424560547,,
150732,860,257.39,0.01,30,4953,-202.93694569,25182,5e-05,75.3072738647461,,
151274,864,253.21,0.01,30,4962,-206.14553163,25318,5e-05,86.27521514892578,,
151882,868,249.9,0.01,30,4971,-209.76841471,25470,5e-05,74.70150756835938,,
152564,872,248.6,0.01,30,4982,-210.75331733999997,25640,5e-05,126.81188201904297,,
153234,876,234.02,0.01,30,4994,-212.00875979000003,25808,5e-05,92.08325958251953,,
153863,880,216.67,0.01,30,5004,-215.381886,25965,5e-05,76.75988006591797,,
154797,884,207.47,0.01,30,5019,-212.18194780000002,26199,5e-05,66.7210693359375,,
155659,888,208.09,0.01,30,5033,-210.17489788999998,26414,5e-05,69.50442504882812,,
156481,892,208.78,0.01,31,5046,-213.66186427999997,26620,5e-05,71.88241577148438,,
157276,896,201.74,0.01,31,5059,-215.48703951999997,26818,5e-05,68.6568374633789,,
158175,900,200.23,0.01,31,5075,-218.88913090999995,27043,5e-05,79.61469268798828,,
158817,904,199.62,0.01,31,5085,-218.81470410000003,27204,5e-05,64.56827545166016,,
159728,908,200.57,0.01,31,5100,-215.62596644,27431,5e-05,83.25289154052734,,
161398,912,211.63,0.01,31,5136,-218.23115326000004,27849,5e-05,105.73985290527344,,
163720,916,229.77,0.01,31,5178,-216.34925520000002,28429,5e-05,87.0453109741211,,
164471,920,227.8,0.01,31,5191,-216.72941121999997,28617,5e-05,115.32505798339844,,
167493,924,251.02,0.01,31,5252,-216.36246011,29373,5e-05,68.01304626464844,,
169378,928,261.95,0.01,32,5290,-213.39569672,29844,5e-05,64.5342788696289,,
173831,932,300.93,0.01,32,5409,-216.9111905,30957,5e-05,97.50020599365234,,
178540,936,340.8,0.01,32,5505,-220.60539472999997,32134,5e-05,88.01687622070312,,
184947,940,396.17,0.01,32,5685,-226.55296916000003,33736,5e-05,88.94933319091797,,
185749,944,392.34,0.01,32,5698,-220.44405734000009,33937,5e-05,81.41421508789062,,
189103,948,413.22,0.01,32,5772,-223.60723302999997,34775,5e-05,77.392578125,,
194774,952,461.91,0.01,32,5916,-224.27565538,36193,5e-05,87.21411895751953,,
200000,,,0.01,,,,37499,5e-05,154.2128143310547,-418.74593132669105,2436.4
200153,956,503.61,0.01,32,6192,-226.34657851000003,37538,5e-05,97.17964172363281,,
208143,960,574.11,0.01,32,6370,-235.52281868000003,39535,5e-05,103.45079040527344,,
217584,964,663.1,0.01,33,6591,-241.42714682999997,41895,5e-05,117.1426010131836,,
226681,968,747.99,0.01,33,6800,-249.5981562,44170,5e-05,83.79618835449219,,
235415,972,828.51,0.01,33,7021,-258.19441801,46353,5e-05,104.85868835449219,,
244277,976,910.43,0.01,33,7220,-266.67933268,48569,5e-05,118.02290344238281,,
250770,980,969.07,0.01,34,7354,-270.02555781999996,50192,5e-05,107.9771957397461,,
261747,984,1069.5,0.01,34,7633,-287.02648101,52936,5e-05,208.44419860839844,,
270296,988,1146.37,0.01,34,7836,-293.64306798999996,55073,5e-05,106.41535949707031,,
282029,992,1255.48,0.01,34,8122,-299.23959794,58007,5e-05,97.57720947265625,,
293509,996,1362.33,0.01,34,8432,-308.85312983999995,60877,5e-05,93.08332824707031,,
300000,,,0.01,,,,62499,5e-05,97.89234161376953,-454.2890247247822,2992.0
304729,1000,1465.54,0.01,34,8840,-312.36232801,63682,5e-05,111.63027954101562,,
316729,1004,1579.12,0.01,34,9107,-323.01038354,66682,5e-05,181.91543579101562,,
325878,1008,1661.5,0.01,34,9370,-326.10057263000004,68969,5e-05,164.30035400390625,,
335382,1012,1739.84,0.01,35,9564,-326.02226577,71345,5e-05,93.5814437866211,,
347382,1016,1836.62,0.01,35,9858,-336.12883795999994,74345,5e-05,94.92469787597656,,
357737,1020,1932.66,0.01,35,10117,-339.38812142999996,76934,5e-05,76.61557006835938,,
369217,1024,2017.24,0.01,35,10359,-348.82705631000005,79804,5e-05,111.48290252685547,,
379315,1028,2099.37,0.01,35,10615,-355.90921885000006,82328,5e-05,93.6865005493164,,
389582,1032,2157.51,0.01,35,10852,-362.6019595199999,84895,5e-05,98.2309799194336,,
398553,1036,2200.13,0.01,36,11037,-368.14761943999997,87138,5e-05,112.49142456054688,,
400000,,,0.01,,,,87499,5e-05,89.53661346435547,-464.9394561769412,2394.0
407431,1040,2224.84,0.01,35,11363,-369.27529974000004,89357,5e-05,82.46993255615234,,
419431,1044,2336.82,0.01,35,11666,-381.76071104999994,92357,5e-05,111.07633972167969,,
429284,1048,2401.81,0.01,36,11885,-386.96874475000004,94820,5e-05,85.45182800292969,,
439097,1052,2443.23,0.01,36,12126,-394.21630229000004,97274,5e-05,129.28912353515625,,
448442,1056,2482.89,0.01,36,12361,-398.28746027,99610,5e-05,99.95350646972656,,
458727,1060,2505.84,0.01,36,12621,-396.25752265999995,102181,5e-05,67.1189193725586,,
468590,1064,2510.06,0.01,36,12839,-401.30535133999996,104647,5e-05,76.69856262207031,,
475603,1068,2489.22,0.01,36,13008,-398.96918375999996,106400,5e-05,83.51070404052734,,
486041,1072,2506.26,0.01,36,13250,-401.21878599999997,109010,5e-05,86.04521179199219,,
494465,1076,2501.88,0.01,36,13427,-402.50368410999994,111116,5e-05,72.35276794433594,,
500000,,,0.01,,,,112499,5e-05,74.18231964111328,-265.27023783715003,1901.2
504825,1080,2540.55,0.01,37,13615,-404.46666213000003,113706,5e-05,81.6446304321289,,
515661,1084,2539.14,0.01,37,13783,-398.58899979,116415,5e-05,90.17034912109375,,
527661,1088,2573.65,0.01,37,13922,-400.90481905,119415,5e-05,61.7529296875,,
537887,1092,2558.58,0.01,38,14031,-401.91476716000005,121971,5e-05,59.86042785644531,,
547207,1096,2536.98,0.01,38,14133,-399.3791729199999,124301,5e-05,97.84333801269531,,
556721,1100,2519.92,0.01,39,14236,-404.20594642000003,126680,5e-05,85.3808822631836,,
567205,1104,2504.76,0.01,39,14334,-409.0496427300001,129301,5e-05,95.63097381591797,,
578206,1108,2523.28,0.01,40,14419,-420.27525943,132051,5e-05,61.5136833190918,,
587957,1112,2525.75,0.01,40,14488,-426.9500271499999,134489,5e-05,51.1233024597168,,
592123,1116,2447.41,0.01,40,14511,-421.06728196999995,135530,5e-05,69.49840545654297,,
600000,,,0.01,,,,137499,5e-05,53.195350646972656,-398.1626584579557,1794.0
601856,1120,2441.19,0.01,41,14635,-428.3847936699999,137963,5e-05,41.151756286621094,,
611352,1124,2421.35,0.01,41,14701,-427.3945632099999,140337,5e-05,75.57806396484375,,
618847,1128,2395.32,0.01,41,14758,-429.9709784999999,142211,5e-05,67.56615447998047,,
627282,1132,2377.0,0.01,42,14833,-434.47267089,144320,5e-05,50.88459014892578,,
634896,1136,2363.43,0.01,42,14889,-434.55070226,146223,5e-05,57.44182205200195,,
639909,1140,2324.78,0.01,42,14920,-431.74997664999995,147477,5e-05,53.160030364990234,,
645562,1144,2261.31,0.01,43,14957,-427.1153776,148890,5e-05,63.324737548828125,,
648977,1148,2196.93,0.01,43,14974,-421.4964276900001,149744,5e-05,63.108028411865234,,
653504,1152,2144.07,0.01,43,14999,-415.47330833000007,150875,5e-05,37.41236877441406,,
658521,1156,2100.79,0.01,43,15031,-414.05260218999996,152130,5e-05,100.7401351928711,,
665206,1160,2064.79,0.01,44,15082,-411.58697953999996,153801,5e-05,83.43970489501953,,
668060,1164,1994.7,0.01,44,15097,-399.47329640000004,154514,5e-05,37.23518371582031,,
670879,1168,1952.76,0.01,44,15112,-397.12705733,155219,5e-05,68.80227661132812,,
673607,1172,1875.66,0.01,44,15125,-386.59964403000004,155901,5e-05,40.256134033203125,,
677203,1176,1827.38,0.01,44,15145,-380.58867233000007,156800,5e-05,42.647552490234375,,
681362,1180,1765.37,0.01,44,15170,-373.93533525000004,157840,5e-05,37.22416687011719,,
685080,1184,1694.19,0.01,45,15193,-370.84480184,158769,5e-05,44.251644134521484,,
688232,1188,1605.71,0.01,45,15208,-362.3659416800001,159557,5e-05,66.0591049194336,,
692316,1192,1544.29,0.01,45,15229,-355.10753833,160578,5e-05,37.477027893066406,,
694381,1196,1471.74,0.01,45,15240,-342.74137242999996,161095,5e-05,52.98762512207031,,
697427,1200,1407.06,0.01,45,15258,-334.51298444,161856,5e-05,57.156150817871094,,
700000,,,0.01,,,,162499,5e-05,104.98870849609375,-222.39966212345752,779.2
702090,1204,1348.85,0.01,45,15308,-325.02212274000004,163022,5e-05,64.8746109008789,,
705246,1208,1270.4,0.01,46,15329,-315.40982803,163811,5e-05,62.46187973022461,,
709993,1212,1220.36,0.01,46,15357,-311.65602638,164998,5e-05,56.71038055419922,,
711722,1216,1195.99,0.01,46,15364,-308.80880734,165430,5e-05,42.20957946777344,,
714315,1220,1124.59,0.01,46,15377,-295.33294866999995,166078,5e-05,60.48109436035156,,
717651,1224,1062.99,0.01,46,15398,-288.03856644,166912,5e-05,77.82098388671875,,
719814,1228,1009.67,0.01,46,15408,-278.92431914,167453,5e-05,44.656890869140625,,
722087,1232,948.05,0.01,46,15419,-267.13939579,168021,5e-05,63.01133728027344,,
724407,1236,895.11,0.01,46,15431,-258.03070796,168601,5e-05,45.50960922241211,,
726598,1240,866.89,0.01,47,15443,-253.77210086999995,169149,5e-05,47.070499420166016,,
727742,1244,821.8,0.01,47,15448,-246.60416921,169435,5e-05,33.823814392089844,,
730150,1248,811.73,0.01,47,15461,-246.73788380999997,170037,5e-05,30.9387264251709,,
732435,1252,789.31,0.01,47,15473,-244.99566818999995,170608,5e-05,44.378692626953125,,
734991,1256,764.7,0.01,47,15486,-242.74723606,171247,5e-05,33.588321685791016,,
736370,1260,711.64,0.01,47,15492,-235.30134411000003,171592,5e-05,68.5771484375,,
737604,1264,695.44,0.01,47,15497,-234.76149035999998,171900,5e-05,61.95588302612305,,
740113,1268,692.34,0.01,47,15512,-230.22190893000004,172528,5e-05,85.7614974975586,,
741788,1272,681.81,0.01,47,15519,-229.99914565000003,172946,5e-05,64.48214721679688,,
743569,1276,663.66,0.01,47,15527,-227.45374777,173392,5e-05,53.04654312133789,,
747051,1280,656.89,0.01,48,15547,-230.50265921000002,174262,5e-05,71.46673583984375,,
749274,1284,641.94,0.01,48,15556,-225.97425829,174818,5e-05,46.864749908447266,,
750926,1288,626.94,0.01,48,15564,-224.57906454,175231,5e-05,64.9529800415039,,
752934,1292,606.18,0.01,48,15573,-222.63884770999996,175733,5e-05,62.79319381713867,,
755004,1296,606.23,0.01,48,15583,-225.55164084999996,176250,5e-05,52.45303726196289,,
756267,1300,588.4,0.01,48,15589,-220.61680215,176566,5e-05,57.513790130615234,,
759910,1304,578.2,0.01,48,15610,-220.70106389999998,177477,5e-05,82.68231201171875,,
761985,1308,567.39,0.01,48,15621,-218.60562438,177996,5e-05,40.108299255371094,,
763392,1312,533.99,0.01,48,15627,-212.18103437999997,178347,5e-05,28.457015991210938,,
764560,1316,528.38,0.01,48,15632,-211.59327698999996,178639,5e-05,67.71826934814453,,
765946,1320,516.31,0.01,48,15638,-210.04946096000003,178986,5e-05,53.83750915527344,,
767234,1324,495.83,0.01,49,15644,-206.44227451999996,179308,5e-05,52.433921813964844,,
768545,1328,487.31,0.01,49,15650,-207.17816735,179636,5e-05,56.54731750488281,,
770847,1332,487.6,0.01,49,15664,-203.66488268,180211,5e-05,57.86977005004883,,
775065,1336,506.58,0.01,49,15699,-206.33378696,181266,5e-05,38.498016357421875,,
777741,1340,511.43,0.01,49,15711,-206.29504126999996,181935,5e-05,42.935462951660156,,
781282,1344,535.4,0.01,49,15742,-210.56836557,182820,5e-05,47.01475143432617,,
784543,1348,543.93,0.01,49,15759,-214.38686814000002,183635,5e-05,67.5340805053711,,
785963,1352,535.28,0.01,49,15764,-209.95791984000005,183990,5e-05,32.1426887512207,,
789119,1356,541.28,0.01,50,15779,-208.36386477000005,184779,5e-05,55.831356048583984,,
791835,1360,554.65,0.01,50,15791,-211.78286735,185458,5e-05,46.5095100402832,,
794537,1364,569.33,0.01,50,15803,-216.31614791,186134,5e-05,32.61537170410156,,
795983,1368,558.7,0.01,50,15808,-216.45572907999997,186495,5e-05,56.819969177246094,,
797141,1372,553.53,0.01,50,15812,-213.81114044000003,186785,5e-05,53.0055046081543,,
798392,1376,548.23,0.01,50,15817,-210.54238923,187097,5e-05,55.41036605834961,,
799563,1380,525.12,0.01,50,15821,-205.37501236,187390,5e-05,51.77351379394531,,
800000,,,0.01,,,,187499,5e-05,64.92953491210938,-153.04798055077904,578.0
802342,1384,530.68,0.01,50,15839,-204.50368961000004,188085,5e-05,55.36117172241211,,
804960,1388,540.34,0.01,50,15853,-203.34025073,188739,5e-05,71.79545593261719,,
806422,1392,534.88,0.01,50,15858,-202.09851808000002,189105,5e-05,70.39379119873047,,
807895,1396,528.91,0.01,50,15863,-201.73093014999998,189473,5e-05,42.67863464355469,,
809445,1400,531.78,0.01,51,15869,-204.02539069,189861,5e-05,62.7120246887207,,
811779,1404,518.69,0.01,51,15879,-200.93426479000001,190444,5e-05,41.1681022644043,,
814086,1408,521.01,0.01,51,15890,-203.25557416,191021,5e-05,57.767574310302734,,
816203,1412,528.11,0.01,51,15900,-205.69107207999997,191550,5e-05,37.96473693847656,,
818264,1416,537.04,0.01,51,15911,-206.29056819999997,192065,5e-05,62.5904655456543,,
819530,1420,535.84,0.01,51,15916,-207.54136413999996,192382,5e-05,70.5794677734375,,
821019,1424,537.85,0.01,51,15923,-208.55106423,192754,5e-05,39.07701873779297,,
822637,1428,540.92,0.01,51,15929,-206.51162081000007,193159,5e-05,44.46043014526367,,
824360,1432,535.13,0.01,51,15936,-211.00178340000002,193589,5e-05,50.93290710449219,,
827362,1436,522.97,0.01,51,15948,-211.91707636000004,194340,5e-05,83.89984130859375,,
828432,1440,506.91,0.01,51,15952,-211.58886270000002,194607,5e-05,72.1891860961914,,
829782,1444,485.0,0.01,52,15956,-209.81097444000002,194945,5e-05,59.6016845703125,,
831001,1448,464.58,0.01,52,15960,-206.43796297999998,195250,5e-05,48.80885696411133,,
832465,1452,465.02,0.01,52,15965,-209.58080153000006,195616,5e-05,29.776899337768555,,
833580,1456,444.61,0.01,52,15969,-208.46089902,195894,5e-05,49.748226165771484,,
834900,1460,430.65,0.01,52,15974,-205.51524797,196224,5e-05,49.9816780090332,,
836270,1464,417.33,0.01,52,15979,-200.92223373000004,196567,5e-05,50.727874755859375,,
838356,1468,423.73,0.01,52,15987,-203.30198841,197088,5e-05,57.79484558105469,,
839746,1472,426.05,0.01,52,15992,-203.33814047999996,197436,5e-05,35.250179290771484,,
841164,1476,427.72,0.01,52,15997,-205.04286315000002,197790,5e-05,32.45854187011719,,
842838,1480,432.75,0.01,52,16003,-206.17450383,198209,5e-05,49.670814514160156,,
844070,1484,417.28,0.01,52,16007,-205.63323475999997,198517,5e-05,42.89082336425781,,
844888,1488,399.28,0.01,52,16010,-204.10120198,198721,5e-05,50.99930191040039,,
847218,1492,407.96,0.01,52,16019,-205.67513741,199304,5e-05,53.474586486816406,,
849017,1496,411.22,0.01,52,16026,-206.47887242999997,199754,5e-05,77.41580200195312,,
850104,1500,406.59,0.01,53,16030,-205.46325867000004,200025,5e-05,41.994449615478516,,
854851,1504,430.72,0.01,53,16057,-205.54604747999997,201212,5e-05,72.32162475585938,,
855725,1508,416.39,0.01,53,16059,-200.27784590999997,201431,5e-05,37.144752502441406,,
859992,1512,437.89,0.01,53,16081,-201.23179207,202497,5e-05,55.611331939697266,,
861603,1516,433.39,0.01,53,16087,-201.33790034,202900,5e-05,51.474891662597656,,
865738,1520,462.08,0.01,53,16119,-206.55545968,203934,5e-05,37.27314758300781,,
867151,1524,461.32,0.01,53,16124,-207.45812740000002,204287,5e-05,34.08975601196289,,
868389,1528,457.52,0.01,53,16128,-209.44085583,204597,5e-05,75.6038589477539,,
869599,1532,452.39,0.01,53,16132,-209.20801309,204899,5e-05,54.28900909423828,,
870734,1536,433.72,0.01,53,16136,-203.11816679000003,205183,5e-05,46.66436004638672,,
873201,1540,447.69,0.01,54,16147,-199.96132482000002,205800,5e-05,55.298728942871094,,
877031,1544,472.49,0.01,54,16167,-199.69120403999997,206757,5e-05,26.237079620361328,,
887393,1548,563.92,0.01,54,16259,-203.57903265000002,209348,5e-05,46.0312614440918,,
897782,1552,653.17,0.01,54,16332,-213.12136487,211945,5e-05,43.208641052246094,,
900000,,,0.01,,,,212499,5e-05,74.98649597167969,-429.9559711263093,2091.2
911280,1556,777.0,0.01,55,16483,-227.81416147,215319,5e-05,46.805320739746094,,
921990,1560,870.9,0.01,55,16574,-235.60027344000002,217997,5e-05,48.33989715576172,,
931775,1564,955.05,0.01,55,16641,-243.87144989,220443,5e-05,110.07349395751953,,
943775,1568,1054.19,0.01,56,16715,-252.48895289,223443,5e-05,44.945499420166016,,
952964,1572,1132.18,0.01,56,16772,-259.76876539,225740,5e-05,54.294288635253906,,
964964,1576,1238.0,0.01,57,16862,-270.28302114,228740,5e-05,28.11005401611328,,
973702,1580,1308.64,0.01,57,16914,-279.73439500000006,230925,5e-05,60.625003814697266,,
985407,1584,1413.37,0.01,57,16989,-293.4625894800001,233851,5e-05,66.45846557617188,,
997407,1588,1525.19,0.01,58,17092,-304.59337515000004,236851,5e-05,46.977970123291016,,
1000000,,,0.01,,,,237499,5e-05,50.978416442871094,-381.48102266923524,2524.6
1012000,1592,1647.82,0.01,58,17304,-316.26796252,240499,5e-05,47.21418380737305,,
1021630,1596,1726.13,0.01,58,17387,-322.35991763000004,242907,5e-05,35.67506408691406,,
1033630,1600,1835.26,0.01,59,17487,-333.1290737000001,245907,5e-05,47.06666946411133,,
1044546,1604,1896.95,0.01,59,17588,-341.57940014,248636,5e-05,27.489269256591797,,
1055449,1608,1997.24,0.01,59,17654,-353.84181988999995,251362,5e-05,44.992671966552734,,
1067449,1612,2074.57,0.01,60,17744,-360.38927698,254362,5e-05,41.6431999206543,,
1078538,1616,2169.35,0.01,60,17842,-369.3032909,257134,5e-05,31.918310165405273,,
1090538,1620,2248.0,0.01,60,17942,-372.7804270499999,260134,5e-05,44.39332962036133,,
1100000,,,0.01,,,,262499,5e-05,35.6276741027832,-423.81162629500614,2564.2
1103000,1624,2358.49,0.01,61,18077,-381.6624587199999,263249,5e-05,28.93764877319336,,
1114495,1628,2461.06,0.01,61,18150,-391.76822098,266123,5e-05,32.03282928466797,,
1123218,1632,2536.19,0.01,61,18199,-398.10906016,268304,5e-05,26.5642032623291,,
1135218,1636,2644.84,0.01,61,18310,-409.18102093999994,271304,5e-05,32.96977615356445,,
1146296,1640,2730.95,0.01,62,18373,-423.1110727099999,274073,5e-05,36.61302185058594,,
1156066,1644,2790.35,0.01,62,18434,-429.3651835299999,276516,5e-05,34.45278549194336,,
1168066,1648,2806.73,0.01,63,18500,-431.94522473000006,279516,5e-05,39.677162170410156,,
1180066,1652,2822.84,0.01,63,18569,-432.8471715199999,282516,5e-05,31.579076766967773,,
1190263,1656,2789.83,0.01,63,18625,-425.76866996000007,285065,5e-05,33.661930084228516,,
1199474,1660,2774.84,0.01,64,18678,-422.77346975999995,287368,5e-05,27.19086456298828,,
1200000,,,0.01,,,,287499,5e-05,30.202741622924805,-348.6760514329799,2423.8
1212000,1664,2802.25,0.01,64,18817,-423.62898406,290499,5e-05,42.828155517578125,,
1224000,1668,2802.25,0.01,64,18895,-421.3842012899999,293499,5e-05,28.813304901123047,,
1236000,1672,2830.36,0.01,65,18976,-422.90818501999996,296499,5e-05,32.626949310302734,,
1248000,1676,2830.36,0.01,65,19049,-420.89419115000004,299499,5e-05,23.3759708404541,,
1260000,1680,2862.98,0.01,65,19133,-420.00292816,302499,5e-05,28.257427215576172,,
1272000,1684,2865.93,0.01,66,19190,-415.5225823,305499,5e-05,24.638551712036133,,
1284000,1688,2865.93,0.01,66,19263,-415.5679661500001,308499,5e-05,28.506446838378906,,
1295966,1692,2839.66,0.01,67,19329,-414.1441433400001,311491,5e-05,33.49982833862305,,
1300000,,,0.01,,,,312499,5e-05,49.754005432128906,-387.7945957795274,2437.8
1309000,1696,2873.7,0.01,67,19477,-418.69158995999993,314749,5e-05,32.352294921875,,
1321000,1700,2873.7,0.01,67,19559,-420.23176190000004,317749,5e-05,44.279991149902344,,
1333000,1704,2884.54,0.01,67,19622,-421.27256358,320749,5e-05,30.412527084350586,,
1339318,1708,2838.69,0.01,68,19655,-414.4059344699999,322329,5e-05,39.51107406616211,,
1348438,1712,2809.89,0.01,68,19718,-413.36816182000007,324609,5e-05,29.691625595092773,,
1357593,1716,2790.55,0.01,68,19780,-410.1552937999999,326898,5e-05,26.965499877929688,,
1363842,1720,2733.04,0.01,68,19836,-409.95502872000003,328460,5e-05,27.268857955932617,,
1375842,1724,2728.42,0.01,69,19912,-410.37274404999994,331460,5e-05,29.476457595825195,,
1387842,1728,2733.47,0.01,69,19993,-410.18777723,334460,5e-05,23.548799514770508,,
1396954,1732,2737.36,0.01,69,20055,-412.73644717,336738,5e-05,32.24938201904297,,
1400000,,,0.01,,,,337499,5e-05,39.422142028808594,-444.67095244851373,3000.0
1406158,1736,2709.4,0.01,69,20200,-413.87436636000007,339039,5e-05,23.323223114013672,,
1418158,1740,2718.62,0.01,69,20279,-413.01982918999994,342039,5e-05,29.888818740844727,,
1427258,1744,2711.92,0.01,70,20329,-414.19830702,344314,5e-05,27.63860511779785,,
1439258,1748,2711.92,0.01,70,20396,-414.9948921500001,347314,5e-05,30.75385093688965,,
1448395,1752,2683.29,0.01,70,20481,-414.37007918999996,349598,5e-05,24.268712997436523,,
1460395,1756,2701.32,0.01,70,20582,-417.06818812999995,352598,5e-05,26.431678771972656,,
1472395,1760,2729.21,0.01,71,20691,-421.4361137799999,355598,5e-05,31.268783569335938,,
1484395,1764,2723.95,0.01,71,20792,-422.18860046000003,358598,5e-05,18.876428604125977,,
1493535,1768,2695.35,0.01,71,20851,-423.99446823,360883,5e-05,19.276159286499023,,
1500000,,,0.01,,,,362499,5e-05,28.47817611694336,-432.1715650319449,3000.0
1506000,1772,2700.0,0.01,71,21017,-425.7987437299999,363999,5e-05,18.758939743041992,,
1518000,1776,2700.0,0.01,71,21084,-427.6819079600001,366999,5e-05,26.02899169921875,,
1530000,1780,2700.0,0.01,72,21159,-429.66603885999996,369999,5e-05,26.777360916137695,,
1539134,1784,2671.34,0.01,72,21229,-429.48745997000003,372283,5e-05,33.83195114135742,,
1548283,1788,2642.83,0.01,72,21286,-429.67508564,374570,5e-05,28.844209671020508,,
1560283,1792,2643.17,0.01,72,21383,-427.79726364000004,377570,5e-05,36.17127990722656,,
1572283,1796,2632.83,0.01,73,21477,-426.52711271999993,380570,5e-05,24.29159164428711,,
1584283,1800,2632.83,0.01,73,21555,-423.97625829,383570,5e-05,19.053354263305664,,
1596283,1804,2632.83,0.01,73,21624,-423.03976436,386570,5e-05,26.02822494506836,,
1600000,,,0.01,,,,387499,5e-05,66.17130279541016,-421.14077835522767,3000.0
1606000,1808,2666.82,0.01,73,21746,-428.00399744999993,388999,5e-05,26.263856887817383,,
1618000,1812,2695.62,0.01,74,21813,-428.8497594399999,391999,5e-05,20.856142044067383,,
1630000,1816,2724.07,0.01,74,21866,-431.88978849,394999,5e-05,18.655630111694336,,
1642000,1820,2781.58,0.01,74,21930,-432.00872552999994,397999,5e-05,19.941688537597656,,
1654000,1824,2781.58,0.01,75,21994,-431.36058402000003,400999,5e-05,29.954784393310547,,
1666000,1828,2781.58,0.01,75,22074,-430.77552745,403999,5e-05,23.406635284423828,,
1678000,1832,2810.46,0.01,75,22148,-431.52876096,406999,5e-05,19.882896423339844,,
1690000,1836,2838.42,0.01,76,22225,-429.96010953000007,409999,5e-05,25.32288360595703,,
1700000,,,0.01,,,,412499,5e-05,18.405616760253906,-412.6896944371809,3000.0
1703000,1840,2848.42,0.01,76,22375,-430.78203894,413249,5e-05,21.23212432861328,,
1715000,1844,2877.42,0.01,76,22453,-430.47629449,416249,5e-05,31.3444766998291,,
1727000,1848,2877.42,0.01,76,22528,-429.77210343999997,419249,5e-05,20.462844848632812,,
1739000,1852,2906.05,0.01,76,22595,-429.13370271,422249,5e-05,17.36302947998047,,
1751000,1856,2906.05,0.01,77,22669,-428.32523592999996,425249,5e-05,19.514856338500977,,
1763000,1860,2906.05,0.01,77,22768,-427.08436091,428249,5e-05,27.3393497467041,,
1775000,1864,2906.05,0.01,77,22861,-427.3304411699999,431249,5e-05,20.010557174682617,,
1787000,1868,2934.65,0.01,77,22940,-425.73530510999996,434249,5e-05,18.233366012573242,,
1799000,1872,2930.0,0.01,78,23025,-424.15489548000005,437249,5e-05,13.87162971496582,,
1800000,,,0.01,,,,437499,5e-05,11.964071273803711,-407.9502149149688,3000.0
1812000,1876,2940.0,0.01,78,23210,-424.46140163999996,440499,5e-05,12.620689392089844,,
1824000,1880,2940.0,0.01,78,23297,-423.39127077999996,443499,5e-05,9.912878036499023,,
1836000,1884,2968.66,0.01,78,23426,-423.37856665999993,446499,5e-05,14.6672945022583,,
1848000,1888,2997.17,0.01,78,23534,-422.67611869999996,449499,5e-05,9.665434837341309,,
1860000,1892,2997.17,0.01,78,23640,-422.43516599000003,452499,5e-05,12.955718994140625,,
1872000,1896,2997.17,0.01,78,23727,-421.67823532999995,455499,5e-05,13.051762580871582,,
1884000,1900,2997.17,0.01,79,23833,-421.96434409999995,458499,5e-05,10.080469131469727,,
1896000,1904,2997.17,0.01,79,23934,-420.95787741,461499,5e-05,7.998568534851074,,
1900000,,,0.01,,,,462499,5e-05,9.663168907165527,-413.55869387837845,3000.0
1909000,1908,3030.0,0.01,79,24147,-421.01985688,464749,5e-05,8.534043312072754,,
1921000,1912,3030.0,0.01,79,24235,-420.76867927,467749,5e-05,7.1281962394714355,,
1933000,1916,3030.0,0.01,79,24317,-420.71287373000007,470749,5e-05,7.156347274780273,,
1945000,1920,3030.0,0.01,79,24404,-420.12397876,473749,5e-05,6.605499267578125,,
1957000,1924,3030.0,0.01,79,24520,-419.43276963999995,476749,5e-05,8.915618896484375,,
1969000,1928,3030.0,0.01,80,24596,-419.01350682,479749,5e-05,6.229409217834473,,
1981000,1932,3030.0,0.01,80,24673,-418.88060838999996,482749,5e-05,6.0365705490112305,,
1993000,1936,3030.0,0.01,80,24745,-418.24056938999996,485749,5e-05,5.067935466766357,,
2000000,,,0.01,,,,487499,5e-05,6.5170464515686035,-420.883350325207,3000.0
2006000,1940,3030.0,0.01,80,24940,-419.26827236,488999,5e-05,4.348715782165527,,
2017510,1944,3025.1,0.01,80,25009,-422.0077349299999,491877,5e-05,5.734086513519287,,
2026567,1948,2995.67,0.01,80,25062,-423.18380160999993,494141,5e-05,3.4282121658325195,,
2034130,1952,2951.3,0.01,81,25108,-421.2515880600001,496032,5e-05,4.091948509216309,,
2042445,1956,2914.45,0.01,81,25167,-421.00190792,498111,5e-05,4.458287715911865,,
2048180,1960,2851.8,0.01,81,25192,-417.85144424,499544,5e-05,4.196527004241943,,
2053153,1964,2781.53,0.01,81,25225,-411.54230696999997,500788,5e-05,4.234900951385498,,
2058108,1968,2711.08,0.01,81,25244,-405.48818411,502026,5e-05,3.186586618423462,,
2063419,1972,2644.19,0.01,81,25266,-401.89315100000005,503354,5e-05,4.418385028839111,,
2067078,1976,2550.78,0.01,81,25288,-393.36169357000006,504269,5e-05,4.515984058380127,,
2072477,1980,2484.77,0.01,81,25311,-388.60770393000007,505619,5e-05,4.286718845367432,,
2077944,1984,2419.44,0.01,82,25334,-384.40609074,506985,5e-05,5.511836528778076,,
2085203,1988,2372.03,0.01,82,25378,-382.2628281599999,508800,5e-05,3.8049123287200928,,
2090887,1992,2308.87,0.01,82,25402,-376.89204822,510221,5e-05,4.7198991775512695,,
2098934,1996,2269.34,0.01,82,25453,-376.7747535300001,512233,5e-05,5.640527725219727,,
2100000,,,0.01,,,,512499,5e-05,4.089529991149902,-458.5993865317416,2870.0
2106022,2000,2220.22,0.01,82,25563,-373.36620918,514005,5e-05,4.083866596221924,,
2109805,2004,2138.05,0.01,82,25587,-365.7321294000001,514951,5e-05,2.6342933177948,,
2114160,2008,2051.6,0.01,82,25604,-360.01777307000003,516039,5e-05,3.6223535537719727,,
2119899,2012,1988.99,0.01,82,25628,-355.97859978,517474,5e-05,4.131397724151611,,
2125767,2016,1927.67,0.01,82,25663,-351.60168051000005,518941,5e-05,4.5693206787109375,,
2131582,2020,1865.82,0.01,82,25700,-348.51380922,520395,5e-05,5.257091045379639,,
2138674,2024,1816.74,0.01,83,25752,-345.84339762,522168,5e-05,5.002714157104492,,
2144551,2028,1755.51,0.01,83,25778,-342.20617997,523637,5e-05,5.4313836097717285,,
2151476,2032,1704.76,0.01,83,25819,-340.1897572999999,525368,5e-05,5.501728534698486,,
2156656,2036,1636.56,0.01,83,25842,-335.31567328999995,526663,5e-05,3.6354286670684814,,
2160083,2040,1540.83,0.01,83,25855,-324.75186038999993,527520,5e-05,4.196933746337891,,
2166797,2044,1492.87,0.01,83,25896,-319.93911036,529199,5e-05,4.6461567878723145,,
2174353,2048,1477.86,0.01,83,25937,-318.03755395999997,531088,5e-05,3.73469877243042,,
2184091,2052,1499.61,0.01,83,26008,-323.3453597199999,533522,5e-05,6.04195499420166,,
2190716,2056,1482.71,0.01,84,26045,-321.4996581399999,535178,5e-05,3.3776607513427734,,
2199605,2060,1514.25,0.01,84,26090,-324.8443332499999,537401,5e-05,2.9416069984436035,,
2200000,,,0.01,,,,537499,5e-05,4.239603042602539,-372.17085573733493,1861.2
2206046,2064,1528.93,0.01,84,26157,-327.07892483,539011,5e-05,2.862063407897949,,
2211141,2068,1530.33,0.01,84,26176,-328.97561355,540285,5e-05,4.232628345489502,,
2220151,2072,1567.32,0.01,84,26244,-332.72200021,542537,5e-05,64.75346374511719,,
2228793,2076,1617.15,0.01,84,26299,-339.49658403000007,544698,5e-05,6.178412914276123,,
2237882,2080,1654.05,0.01,84,26376,-346.5933021199999,546970,5e-05,4.037188529968262,,
2246995,2084,1690.51,0.01,85,26421,-351.83120699999995,549248,5e-05,3.1974027156829834,,
2257874,2088,1726.71,0.01,85,26483,-355.61203746,551968,5e-05,3.842606544494629,,
2269874,2092,1789.87,0.01,85,26557,-362.78108197,554968,5e-05,4.990068435668945,,
2281874,2096,1829.4,0.01,85,26637,-364.902716,557968,5e-05,7.199946880340576,,
2293874,2100,1878.52,0.01,85,26726,-370.14732126,560968,5e-05,5.413983345031738,,
2300000,,,0.01,,,,562499,5e-05,2.807724714279175,-450.05104774204375,3000.0
2306000,2104,1961.95,0.01,85,26877,-379.36570537,563999,5e-05,4.924529075622559,,
2318000,2108,2038.4,0.01,85,26953,-387.38168909000007,566999,5e-05,4.251979827880859,,
2330000,2112,2101.01,0.01,86,27034,-391.96320958999996,569999,5e-05,4.665009498596191,,
2342000,2116,2162.33,0.01,86,27111,-397.4190669800001,572999,5e-05,4.272268295288086,,
2354000,2120,2224.18,0.01,86,27212,-402.47814600999993,575999,5e-05,5.569530487060547,,
2366000,2124,2273.26,0.01,86,27308,-406.8731219200001,578999,5e-05,5.136568069458008,,
2378000,2128,2334.49,0.01,86,27399,-410.86855876000004,581999,5e-05,5.929050445556641,,
2390000,2132,2385.24,0.01,87,27467,-413.27659300000005,584999,5e-05,4.359297752380371,,
2400000,,,0.01,,,,587499,5e-05,3.8318350315093994,-430.7785169067385,3000.0
2403000,2136,2463.44,0.01,86,27629,-419.3259955700001,588249,5e-05,5.58054256439209,,
2415000,2140,2549.17,0.01,87,27701,-427.68958143000003,591249,5e-05,6.591395378112793,,
2427000,2144,2602.03,0.01,87,27778,-430.38374388000005,594249,5e-05,5.428099155426025,,
2439000,2148,2646.47,0.01,87,27862,-430.8986034100001,597249,5e-05,5.2379841804504395,,
2451000,2152,2669.09,0.01,87,27954,-427.5252287100001,600249,5e-05,4.415431022644043,,
2463000,2156,2722.84,0.01,87,28056,-429.8377081000001,603249,5e-05,3.1692862510681152,,
2475000,2160,2753.95,0.01,87,28151,-430.30786358999995,606249,5e-05,4.936680316925049,,
2487000,2164,2809.54,0.01,88,28250,-433.38570659000004,609249,5e-05,4.327144622802734,,
2499000,2168,2878.59,0.01,88,28356,-438.49249829000007,612249,5e-05,3.088219404220581,,
2500000,,,0.01,,,,612499,5e-05,3.578009605407715,-415.0898988670148,3000.0
2512000,2172,2918.49,0.01,87,28545,-439.50708319999995,615499,5e-05,4.699355602264404,,
2524000,2176,2952.07,0.01,88,28641,-439.64538875000005,618499,5e-05,5.9669928550720215,,
2536000,2180,2981.18,0.01,88,28711,-437.07487969,621499,5e-05,3.29691219329834,,
2548000,2184,3010.05,0.01,88,28794,-436.1556421,624499,5e-05,2.5910305976867676,,
2560000,2188,3021.26,0.01,88,28920,-434.6760057999999,627499,5e-05,4.044538497924805,,
2572000,2192,3021.26,0.01,88,29028,-432.69960605,630499,5e-05,4.8456549644470215,,
2584000,2196,3021.26,0.01,88,29123,-429.34142275,633499,5e-05,4.571690559387207,,
2596000,2200,3021.26,0.01,88,29229,-426.63843741000005,636499,5e-05,2.8399789333343506,,
2600000,,,0.01,,,,637499,5e-05,5.152826309204102,-393.8791808948357,3000.0
2609000,2204,3030.0,0.01,88,29421,-424.84117330000004,639749,5e-05,4.807599067687988,,
2621000,2208,3030.0,0.01,88,29527,-422.18504915000005,642749,5e-05,2.930004358291626,,
2633000,2212,3030.0,0.01,88,29625,-420.8075257000001,645749,5e-05,4.022284030914307,,
2645000,2216,3030.0,0.01,89,29714,-418.84582800000004,648749,5e-05,3.309593915939331,,
2657000,2220,3030.0,0.01,89,29818,-416.48929050999993,651749,5e-05,2.7883472442626953,,
2669000,2224,3030.0,0.01,89,29906,-415.1174501600001,654749,5e-05,3.6390089988708496,,
2681000,2228,3030.0,0.01,89,29998,-413.80763504000004,657749,5e-05,4.283586502075195,,
2693000,2232,3030.0,0.01,89,30097,-411.97294614,660749,5e-05,3.114729642868042,,
2700000,,,0.01,,,,662499,5e-05,4.333169937133789,-392.0692163493135,3000.0
2706000,2236,3030.0,0.01,89,30302,-409.83522681,663999,5e-05,3.2085297107696533,,
2718000,2240,3030.0,0.01,89,30399,-408.50308584000004,666999,5e-05,3.843841314315796,,
2730000,2244,3030.0,0.01,89,30474,-406.61261872,669999,5e-05,2.6119391918182373,,
2742000,2248,3030.0,0.01,89,30552,-405.62600697999994,672999,5e-05,3.6063475608825684,,
2754000,2252,3030.0,0.01,89,30636,-404.8207166099999,675999,5e-05,2.621722936630249,,
2766000,2256,3030.0,0.01,90,30718,-402.67323601000004,678999,5e-05,3.6260735988616943,,
2777734,2260,3027.34,0.01,90,30816,-398.12120904999995,681933,5e-05,4.119022846221924,,
2789734,2264,3027.34,0.01,90,30907,-397.80857175000006,684933,5e-05,2.8966338634490967,,
2800000,,,0.01,,,,687499,5e-05,3.2771213054656982,-399.52416148565305,3000.0
2803000,2268,3040.0,0.01,90,31064,-397.0597079,688249,5e-05,4.659266471862793,,
2815000,2272,3030.0,0.01,90,31148,-394.97759338999987,691249,5e-05,3.899068593978882,,
2827000,2276,3030.0,0.01,90,31255,-393.79427417000005,694249,5e-05,2.8325061798095703,,
2839000,2280,3030.0,0.01,90,31360,-392.39347223,697249,5e-05,2.441534996032715,,
2851000,2284,3030.0,0.01,90,31443,-391.56216510999997,700249,5e-05,3.87855863571167,,
2863000,2288,3030.0,0.01,90,31559,-391.28279439,703249,5e-05,3.7573752403259277,,
2875000,2292,3030.0,0.01,90,31647,-390.05596743000007,706249,5e-05,5.11250114440918,,
2887000,2296,3030.0,0.01,90,31738,-389.19893955,709249,5e-05,4.095436096191406,,
2899000,2300,3030.0,0.01,91,31836,-389.41657213999997,712249,5e-05,4.310881614685059,,
2900000,,,0.01,,,,712499,5e-05,3.375415563583374,-385.55129436577283,3000.0
2912000,2304,3030.0,0.01,90,32027,-388.5892263399999,715499,5e-05,3.210308790206909,,
2923850,2308,3028.5,0.01,90,32137,-386.90114172999995,718462,5e-05,3.6950020790100098,,
2933018,2312,3000.18,0.01,90,32253,-382.80802321000004,720754,5e-05,2.6886062622070312,,
2945018,2316,3000.18,0.01,91,32360,-381.91594033,723754,5e-05,2.830002546310425,,
2957018,2320,3000.18,0.01,91,32480,-380.87930760999996,726754,5e-05,3.8711016178131104,,
2966221,2324,2972.21,0.01,91,32565,-376.02088261000006,729055,5e-05,3.0174834728240967,,
2978221,2328,2972.21,0.01,91,32684,-375.69461291,732055,5e-05,3.9246554374694824,,
2987116,2332,2941.16,0.01,91,32761,-369.20789435,734278,5e-05,3.7077536582946777,,
2999116,2336,2931.16,0.01,91,32863,-370.23569942999995,737278,5e-05,2.4067718982696533,,
3000000,,,0.01,,,,737499,5e-05,2.477825880050659,-363.7757065306415,2998.2
