time/time_elapsed,time/total_timesteps,time/fps,time/episodes,rollout/ep_len_mean,rollout/ep_rew_mean,rollout/exploration_rate,train/learning_rate,train/loss,train/n_updates,eval/mean_reward,eval/mean_ep_length
0,357,2236,4,89.25,-223.11094350000002,0.9983042500000003,,,,,
0,713,2232,8,89.125,-255.03429612499997,0.9966132500000002,,,,,
0,1041,2256,12,86.75,-214.99751008333328,0.9950552499999997,,,,,
0,1375,2287,16,85.9375,-219.9924988125,0.9934687500000005,,,,,
0,1710,2282,20,85.5,-208.78587425,0.9918774999999995,,,,,
0,2085,2292,24,86.875,-200.77687220833332,0.9900962500000006,,,,,
1,2508,2319,28,89.57142857142857,-218.37092925,0.9880870000000002,,,,,
1,2902,2318,32,90.6875,-217.32825721874997,0.9862155000000002,,,,,
1,3298,2312,36,91.61111111111111,-211.74769502777775,0.9843344999999999,,,,,
1,3668,2276,40,91.7,-212.96954465,0.982577,,,,,
1,4033,2279,44,91.6590909090909,-211.75281286363634,0.9808432500000002,,,,,
1,4366,2285,48,90.95833333333333,-207.36945681249998,0.9792614999999996,,,,,
2,4730,2245,52,90.96153846153847,-213.10397673076926,0.9775325000000005,,,,,
2,5085,2149,56,90.80357142857143,-214.94073364285714,0.97584625,,,,,
2,5472,2094,60,91.2,-215.28198576666665,0.9740080000000004,,,,,
2,5884,2047,64,91.9375,-216.74731457812499,0.972051,,,,,
3,6203,2024,68,91.22058823529412,-215.47967801470585,0.9705357500000003,,,,,
3,6576,1939,72,91.33333333333333,-211.72965418055557,0.9687640000000004,,,,,
3,6910,1981,76,90.92105263157895,-211.57317821052635,0.9671775000000001,,,,,
3,7253,2012,80,90.6625,-208.98095610000001,0.9655482500000002,,,,,
3,7565,2043,84,90.05952380952381,-205.0739790119048,0.9640662499999998,,,,,
3,7896,2091,88,89.72727272727273,-201.34036340909094,0.9624940000000005,,,,,
3,8303,2135,92,90.25,-200.1311500978261,0.9605607500000003,,,,,
3,8642,2166,96,90.02083333333333,-200.44663851041665,0.9589504999999998,,,,,
4,8947,2186,100,89.47,-199.5098293,0.9575017499999998,,,,,
4,9351,2085,104,89.94,-200.99661013000002,0.9555827499999995,,,,,
4,9765,2104,108,90.52,-196.73990840999994,0.9536162499999998,,,,,
4,10131,2134,112,90.9,-199.77254044999998,0.9518777500000005,,,,,
5,10554,2101,116,91.79,-196.50472586000004,0.9498685000000002,,,,,
5,10913,2126,120,92.03,-196.42195508000003,0.9481632500000002,,,,,
5,11341,2158,124,92.56,-198.13685883000002,0.9461302499999998,,,,,
5,11726,2187,128,92.18,-190.72928105,0.9443015000000005,,,,,
5,12102,2209,132,92.0,-189.45121351,0.9425154999999997,,,,,
5,12427,2194,136,91.29,-189.89866757000004,0.9409717500000002,,,,,
5,12755,2193,140,90.87,-190.91484256999996,0.9394137499999997,,,,,
5,13074,2189,144,90.41,-189.69667114999996,0.9378984999999999,,,,,
6,13513,2160,148,91.47,-190.41180149,0.9358132499999995,,,,,
6,13957,2187,152,92.27,-187.49608649000004,0.93370425,,,,,
6,14370,2212,156,92.85,-184.77134493999998,0.9317425,,,,,
6,14724,2202,160,92.52,-181.80035099999998,0.9300610000000002,,,,,
6,15114,2204,164,92.3,-178.23019304999997,0.9282084999999997,,,,,
7,15460,2161,168,92.57,-176.63902703999997,0.9265649999999999,,,,,
7,15833,2139,172,92.57,-177.52249356999997,0.92479325,,,,,
7,16162,2153,176,92.52,-177.03488877,0.9232305,,,,,
7,16584,2173,180,93.31,-181.50420965000004,0.9212260000000003,,,,,
7,16935,2181,184,93.7,-183.60749391999997,0.9195587500000004,,,,,
8,17323,2150,188,94.27,-185.31011759999998,0.9177157500000002,,,,,
8,17657,2162,192,93.54,-187.47298689999997,0.9161292499999998,,,,,
8,18105,2182,196,94.63,-190.96478364999996,0.9140012499999999,,,,,
8,18420,2196,200,94.73,-190.16962417999994,0.9125049999999995,,,,,
8,18800,2214,204,94.49,-191.06797663999998,0.9107000000000003,,,,,
8,19145,2229,208,93.8,-191.48405955999996,0.9090612500000002,,,,,
8,19504,2245,212,93.73,-188.66235681999996,0.9073560000000002,,,,,
8,19865,2261,216,93.11,-189.52424497000004,0.90564125,,,,,
8,20270,2278,220,93.57,-191.76943414999997,0.9037175,,,,,
8,20640,2295,224,92.99,-191.46426298999995,0.9019600000000001,,,,,
9,20997,2307,228,92.71,-195.35949780999997,0.9002642500000003,,,,,
9,21394,2320,232,92.92,-192.56731887,0.8983785000000004,,,,,
9,21771,2334,236,93.44,-191.83253472999996,0.8965877500000001,,,,,
9,22206,2350,240,94.51,-192.06905383999998,0.8945215000000003,,,,,
9,22542,2363,244,94.68,-191.24968553000002,0.8929254999999997,,,,,
9,22938,2379,248,94.25,-190.51460193000003,0.8910445000000005,,,,,
9,23242,2389,252,92.85,-187.25985165999998,0.8896005,,,,,
9,23649,2403,256,92.79,-191.44472550000003,0.8876672499999998,,,,,
9,23963,2415,260,92.39,-195.63726209999996,0.8861757500000003,,,,,
10,24351,2426,264,92.37,-198.65226785,0.88433275,,,,,
10,24640,2428,268,91.8,-198.85129931000003,0.8829600000000001,,,,,
10,25064,2383,272,92.31,-199.72890792,0.8809460000000001,,,,,
10,25380,2393,276,92.18,-202.26318277,0.8794450000000003,,,,,
10,25760,2405,280,91.76,-201.56079692,0.87764,,,,,
10,26127,2396,284,91.92,-202.70314714000003,0.87589675,,,,,
11,26511,2402,288,91.88,-202.98688743999995,0.8740727500000003,,,,,
11,26880,2413,292,92.23,-201.79212998,0.87232,,,,,
11,27233,2424,296,91.28,-196.22917241000002,0.8706432499999998,,,,,
11,27660,2434,300,92.4,-196.65375293999998,0.8686149999999999,,,,,
11,28061,2442,304,92.61,-191.06956892999995,0.8667102500000006,,,,,
11,28419,2406,308,92.74,-191.01071695999997,0.8650097500000001,,,,,
11,28774,2415,312,92.7,-196.05013060999997,0.8633234999999997,,,,,
12,29112,2422,316,92.47,-196.71583581000007,0.8617179999999999,,,,,
12,29473,2430,320,92.03,-197.60929336,0.8600032499999997,,,,,
12,29875,2443,324,92.35,-195.06929912000004,0.8580937499999995,,,,,
12,30265,2453,328,92.68,-195.39058193,0.8562412500000001,,,,,
12,30676,2460,332,92.82,-196.70324412000005,0.8542890000000004,,,,,
12,31036,2468,336,92.65,-194.76069604999998,0.8525789999999998,,,,,
12,31400,2480,340,91.94,-193.70366631999994,0.8508499999999996,,,,,
12,31787,2489,344,92.45,-198.14068187,0.84901175,,,,,
12,32223,2494,348,92.85,-197.90698677,0.8469407499999995,,,,,
13,32588,2502,352,93.46,-202.69534216999998,0.8452069999999997,,,,,
13,32961,2511,356,93.12,-198.80442764,0.84343525,,,,,
13,33320,2519,360,93.57,-195.67985001999998,0.8417299999999999,,,,,
13,33687,2526,364,93.36,-196.30185805000002,0.8399867499999999,,,,,
13,34097,2530,368,94.57,-198.55731702,0.8380392499999998,,,,,
13,34486,2527,372,94.22,-196.30847218999995,0.8361915,,,,,
14,34888,2459,376,95.08,-195.59223164,0.8342819999999999,,,,,
14,35270,2451,380,95.1,-191.62181651999998,0.8324675000000004,,,,,
14,35657,2443,384,95.3,-188.3761163,0.8306292499999998,,,,,
14,36031,2444,388,95.2,-189.63480539,0.8288527500000004,,,,,
14,36420,2454,392,95.4,-194.89041589,0.8270050000000005,,,,,
14,36775,2460,396,95.42,-199.64395994000003,0.82531875,,,,,
15,37123,2465,400,94.63,-199.40225301,0.82366575,,,,,
15,37528,2476,404,94.67,-201.33905626000004,0.821742,,,,,
21,40767,1895,408,123.48,-203.07381728000001,0.8063567500000001,,,,,
21,41159,1895,412,123.85,-197.59902069,0.8044947500000003,,,,,
21,41553,1901,416,124.41,-195.18668649,0.8026232500000002,,,,,
21,41966,1908,420,124.93,-196.43156874999997,0.8006615000000002,,,,,
22,42334,1912,424,124.59,-199.93624016,0.7989134999999996,,,,,
22,42689,1913,428,124.24,-200.31441550999998,0.7972272500000002,,,,,
22,43123,1919,432,124.47,-207.92400538,0.7951657499999999,,,,,
22,43468,1926,436,124.32,-207.93275362,0.7935269999999998,,,,,
22,43802,1934,440,124.02,-205.01098345999998,0.7919405000000005,,,,,
22,44118,1938,444,123.31,-201.22897733000002,0.7904394999999995,,,,,
22,44416,1940,448,121.93,-203.11076444000003,0.789024,,,,,
23,44783,1946,452,121.95,-201.21112912,0.78728075,,,,,
23,45140,1954,456,121.79,-204.50705197,0.7855850000000002,,,,,
23,45439,1959,460,121.19,-203.50235425,0.78416475,,,,,
23,45874,1963,464,121.87,-201.61285554999998,0.7820985000000001,,,,,
23,46264,1967,468,121.67,-201.53668565999996,0.7802459999999997,,,,,
23,46652,1975,472,121.66,-206.25144369999998,0.7784030000000004,,,,,
23,46964,1980,476,120.76,-206.37493694,0.776921,,,,,
23,47299,1987,480,120.29,-207.54371503000002,0.7753297500000002,,,,,
23,47613,1991,484,119.56,-214.21561569999997,0.7738382500000005,,,,,
24,47954,1997,488,119.23,-211.94711103999998,0.7722184999999997,,,,,
24,48317,2004,492,118.97,-205.22871490999995,0.7704942500000003,,,,,
24,48702,2012,496,119.27,-200.95184942,0.7686654999999999,,,,,
24,49118,2020,500,119.95,-199.49375847000002,0.7666895,,,,,
24,49500,2027,504,119.72,-197.40022857,0.7648749999999995,,,,,
24,49855,2034,508,90.88,-198.09525978000002,0.7631887500000001,,,,,
24,50216,2028,512,90.57,-207.10982604999998,0.7614739999999999,0.0001,4.6435699462890625,53,,
25,50573,2013,516,90.2,-213.74882884,0.7597782500000001,0.0001,4.554056644439697,143,,
25,51099,1992,520,91.33,-219.54332101,0.7572797499999999,0.0001,2.5015902519226074,274,,
26,51624,1962,524,92.9,-223.15805827,0.7547860000000005,0.0001,7.059789657592773,405,,
27,52125,1924,528,94.36,-227.35606708,0.7524062500000002,0.0001,4.239655017852783,531,,
27,52517,1909,532,93.94,-222.88463917,0.7505442500000004,0.0001,4.294712066650391,629,,
27,52914,1891,536,94.46,-228.38172569000002,0.7486585000000006,0.0001,0.9714920520782471,728,,
28,53478,1851,540,96.76,-234.67768347,0.7459795000000005,0.0001,4.152210235595703,869,,
29,53996,1829,544,98.78,-239.21463391,0.7435190000000004,0.0001,4.541197299957275,998,,
30,54449,1806,548,100.33,-237.47214449000003,0.7413672500000001,0.0001,1.816904902458191,1112,,
30,55022,1784,552,102.39,-245.77999225,0.7386455000000005,0.0001,1.0206235647201538,1255,,
31,55470,1762,556,103.3,-244.24056657999998,0.7365175000000005,0.0001,1.619272232055664,1367,,
32,55929,1741,560,104.9,-250.63730682000002,0.7343372500000005,0.0001,1.9808075428009033,1482,,
42,56387,1335,564,105.13,-251.05315616,0.7321617500000002,0.0001,0.8449563980102539,1596,,
43,56947,1316,568,106.83,-249.63669812,0.7295017499999996,0.0001,0.9118458032608032,1736,,
44,57500,1302,572,108.48,-245.04756541999996,0.7268749999999995,0.0001,3.8121604919433594,1874,,
44,57987,1288,576,110.23,-243.69136718000004,0.7245617499999999,0.0001,0.9765057563781738,1996,,
45,58416,1277,580,111.17,-240.30844077,0.7225239999999999,0.0001,7.291839122772217,2103,,
46,58997,1258,584,113.84,-237.33340356,0.7197642500000002,0.0001,1.2198573350906372,2249,,
47,59450,1241,588,114.96,-236.02424411000004,0.7176125,0.0001,4.8731865882873535,2362,,
48,59963,1236,592,116.46,-236.78928527,0.7151757500000001,0.0001,4.2048869132995605,2490,,
49,60578,1231,596,118.76,-235.76954159999997,0.7122544999999999,0.0001,3.688271999359131,2644,,
49,61124,1226,600,120.06,-239.21477405,0.7096610000000003,0.0001,4.033679008483887,2780,,
50,61518,1222,604,120.18,-238.64225339,0.7077895000000002,0.0001,7.5143561363220215,2879,,
50,62007,1219,608,121.52,-235.38863941,0.7054667500000005,0.0001,0.3748511075973511,3001,,
51,62523,1214,612,123.07,-228.78154361000006,0.7030157499999996,0.0001,0.7129619121551514,3130,,
51,62947,1212,616,123.74,-224.51347862,0.7010017499999996,0.0001,0.8774118423461914,3236,,
52,63410,1209,620,123.11,-213.85328669999998,0.6988025000000002,0.0001,0.5884923338890076,3352,,
53,63956,1194,624,123.32,-207.82082361000002,0.6962090000000005,0.0001,3.534433126449585,3488,,
54,64523,1188,628,123.98,-199.88285888,0.6935157500000007,0.0001,6.873405456542969,3630,,
54,64984,1185,632,124.67,-195.64347088000002,0.6913260000000003,0.0001,1.355916976928711,3745,,
55,65435,1180,636,125.21,-191.20547487,0.6891837500000004,0.0001,3.5467493534088135,3858,,
55,65845,1176,640,123.67,-183.4679972,0.6872362500000003,0.0001,2.9807024002075195,3961,,
56,66406,1173,644,124.1,-177.82796388000003,0.6845715000000001,0.0001,3.8283708095550537,4101,,
57,66857,1168,648,124.08,-177.19458071,0.6824292500000002,0.0001,0.7698286771774292,4214,,
57,67370,1165,652,123.48,-166.10687555999996,0.6799925000000003,0.0001,0.4808141887187958,4342,,
58,67842,1161,656,123.72,-162.39257306,0.6777505000000001,0.0001,0.5814271569252014,4460,,
59,68388,1149,660,124.59,-156.55895426999996,0.6751569999999995,0.0001,1.86189866065979,4596,,
60,68904,1137,664,125.17,-154.65787705,0.6727059999999997,0.0001,0.47647714614868164,4725,,
61,69378,1133,668,124.31,-154.03454662,0.6704545000000003,0.0001,0.7333667874336243,4844,,
62,70014,1128,672,125.14,-153.81632238,0.6674335,0.0001,1.4975649118423462,5003,,
63,70635,1116,676,126.48,-150.10512767999998,0.66448375,0.0001,1.1179921627044678,5158,,
64,71170,1109,680,127.54,-152.11973856999998,0.6619425000000003,0.0001,0.4162355363368988,5292,,
65,71829,1090,684,128.32,-147.69497439,0.6588122500000004,0.0001,2.564291000366211,5457,,
66,72326,1082,688,128.76,-146.67903081,0.6564515000000006,0.0001,0.632405161857605,5581,,
67,72969,1076,692,130.06,-142.11153242999998,0.6533972499999998,0.0001,0.875605046749115,5742,,
68,73456,1073,696,128.78,-143.4960034,0.6510840000000002,0.0001,0.8258309364318848,5863,,
69,73985,1070,700,128.61,-138.98741032,0.6485712500000003,0.0001,3.1620566844940186,5996,,
70,74639,1065,704,131.21,-137.26027143,0.6454647500000006,0.0001,0.5653384923934937,6159,,
71,75171,1055,708,131.64,-138.03068822,0.6429377499999995,0.0001,7.374573230743408,6292,,
72,75718,1051,712,131.95,-136.61290329000002,0.6403395000000003,0.0001,0.7046173214912415,6429,,
72,76302,1047,716,133.55,-132.8614739,0.6375654999999996,0.0001,1.3633719682693481,6575,,
73,76826,1045,720,134.16,-131.99248612999997,0.6350764999999998,0.0001,0.8753138780593872,6706,,
74,77349,1041,724,133.93,-131.31436485999998,0.6325922500000005,0.0001,1.845989465713501,6837,,
74,77945,1039,728,134.22,-130.72886637000002,0.6297612500000004,0.0001,0.420266330242157,6986,,
75,78487,1035,732,135.03,-129.92506569,0.6271867500000001,0.0001,3.3528547286987305,7121,,
76,78978,1030,736,135.43,-131.37215829,0.6248545000000001,0.0001,0.5503041744232178,7244,,
77,79556,1026,740,137.11,-131.02933861,0.6221090000000002,0.0001,0.638712465763092,7388,,
78,80062,1024,744,136.56,-131.72979781,0.6197054999999997,0.0001,1.0023231506347656,7515,,
79,80719,1020,748,138.62,-130.39489185,0.6165847500000001,0.0001,1.699967622756958,7679,,
79,81431,1019,752,140.61,-130.81342722999997,0.6132027499999999,0.0001,0.7160099744796753,7857,,
80,81929,1018,756,140.87,-131.62362685,0.6108372500000004,0.0001,0.40975305438041687,7982,,
80,82368,1016,760,139.8,-131.73423054000003,0.6087520000000001,0.0001,3.194565534591675,8091,,
90,85782,947,764,168.78,-131.49725085000003,0.5925354999999999,0.0001,3.959305763244629,8945,,
91,86426,943,768,170.48,-128.91356549,0.5894765000000006,0.0001,7.709580421447754,9106,,
93,87262,935,772,172.48,-126.66402758,0.5855055000000002,0.0001,0.8618364334106445,9315,,
95,87937,924,776,173.02,-128.71210682,0.5822992500000004,0.0001,0.8199775218963623,9484,,
95,88429,922,780,172.59,-126.63001048999999,0.5799622499999997,0.0001,0.5233546495437622,9607,,
96,88998,920,784,171.69,-127.74340090000001,0.5772595000000005,0.0001,0.6189939379692078,9749,,
97,89594,918,788,172.68,-129.83461996999998,0.5744285000000002,0.0001,1.3429603576660156,9898,,
100,90934,905,792,179.65,-128.96137226000002,0.5680634999999996,0.0001,1.032799243927002,10233,,
123,94389,762,796,209.33,-129.7661847,0.5516522499999998,0.0001,3.997709274291992,11097,,
124,94890,762,800,209.05,-130.47504696,0.5492725000000005,0.0001,4.459634304046631,11222,,
125,95680,762,804,210.41,-129.9386082,0.5455200000000001,0.0001,0.5525252223014832,11419,,
142,99093,696,808,239.22,-129.05295091,0.5293082499999995,0.0001,0.5120688080787659,12273,,
144,99803,691,812,240.85,-125.85158097000001,0.5259357499999997,0.0001,1.7228660583496094,12450,,
,100000,,,,,0.5250047500000004,0.0001,1.5669711828231812,12499,-519.2267643839062,3000.0
240,100708,418,816,244.06,-125.929767,0.5216369999999999,0.0001,0.5022929310798645,12676,,
241,101281,419,820,244.55,-124.28561821,0.5189152500000003,0.0001,0.9865766167640686,12820,,
241,101889,421,824,245.4,-123.08628811999998,0.5160272500000005,0.0001,3.90368390083313,12972,,
242,102441,422,828,244.96,-120.48406383999998,0.51340525,0.0001,0.8527563810348511,13110,,
244,103525,423,832,250.38,-119.65357628,0.5082562499999996,0.0001,3.0271902084350586,13381,,
245,104144,424,836,251.66,-116.63339983999998,0.505316,0.0001,0.7673694491386414,13535,,
246,104959,426,840,254.03,-115.76822248,0.5014447499999999,0.0001,0.645950973033905,13739,,
247,105847,427,844,257.85,-112.30932331,0.49722674999999994,0.0001,0.8022248148918152,13961,,
248,106440,429,848,257.21,-111.25938608,0.49440999999999957,0.0001,0.6555088758468628,14109,,
273,112402,411,852,309.71,-116.41235211000001,0.46609050000000063,0.0001,0.9393565654754639,15600,,
274,113106,412,856,311.77,-113.42990132000001,0.4627465000000004,0.0001,1.7228857278823853,15776,,
275,113942,414,860,315.74,-109.31631578999999,0.4587755000000001,0.0001,0.8864264488220215,15985,,
277,115187,415,864,294.05,-106.79088239,0.4528617500000004,0.0001,0.39810290932655334,16296,,
277,115981,417,868,295.55,-106.54192194000001,0.4490902499999996,0.0001,1.676647424697876,16495,,
279,117097,418,872,298.35,-107.99321832999998,0.44378925,0.0001,0.29575154185295105,16774,,
280,117921,420,876,299.84,-104.68496093,0.4398752500000003,0.0001,0.3214304447174072,16980,,
282,119221,421,880,307.92,-103.04869516999999,0.43370025,0.0001,6.737913131713867,17305,,
294,123426,419,884,344.28,-103.62188715999999,0.4137264999999999,0.0001,3.6333792209625244,18356,,
302,127094,420,888,375.0,-101.79421167000001,0.3963034999999998,0.0001,6.6040778160095215,19273,,
310,130998,422,892,400.64,-102.6180648,0.37775950000000025,0.0001,0.3842903971672058,20249,,
323,135996,420,896,416.07,-102.08101265,0.354019,0.0001,1.9673396348953247,21498,,
346,140328,404,900,454.38,-102.33506902,0.333442,0.0001,3.8991150856018066,22581,,
359,144765,403,904,490.85,-102.42588284999998,0.31236624999999985,0.0001,0.5713862776756287,23691,,
387,152437,393,908,533.44,-99.99590198,0.2759242500000004,0.0001,0.444193959236145,25609,,
424,158615,373,912,588.12,-98.94990318999999,0.2465787500000004,0.0001,0.8783778548240662,27153,,
454,167375,368,916,666.67,-98.18408267999999,0.2049687499999998,0.0001,0.8064042329788208,29343,,
504,177915,352,920,766.34,-109.43252896,0.1549037499999999,0.0001,0.4311937689781189,31978,,
560,188822,337,924,869.33,-123.11836931999999,0.1030954999999999,0.0001,9.511244773864746,34705,,
,200000,,,,,0.05000474999999993,0.0001,0.6219033002853394,37499,-412.2288785854791,3000.0
702,203000,288,928,1005.59,-140.77077168999998,0.05,0.0001,0.6659640669822693,38249,,
745,215000,288,932,1114.75,-154.59831351,0.05,0.0001,0.8211623430252075,41249,,
808,227000,280,936,1228.56,-169.08552359,0.05,0.0001,3.675873279571533,44249,,
868,238446,274,940,1334.87,-180.40320021000002,0.05,0.0001,0.3585713505744934,47111,,
922,248815,269,944,1429.68,-189.55708993999997,0.05,0.0001,5.121691703796387,49703,,
991,259743,262,948,1533.03,-202.65277210999997,0.05,0.0001,0.31590309739112854,52435,,
1038,268625,258,952,1562.23,-201.46579832,0.05,0.0001,0.4228793680667877,54656,,
1077,275336,255,956,1622.3,-199.57435930999998,0.05,0.0001,0.6553739905357361,56333,,
1126,283680,251,960,1697.38,-202.87270597999995,0.05,0.0001,0.6154038906097412,58419,,
1163,289395,248,964,1742.08,-201.51002352,0.05,0.0001,1.2557088136672974,59848,,
1181,293359,248,968,1773.78,-195.45454034000002,0.05,0.0001,0.9201693534851074,60839,,
1188,296276,249,972,1791.79,-192.48056865,0.05,0.0001,0.6639503836631775,61568,,
,300000,,,,,0.05,0.0001,1.8143953084945679,62499,87.6340746898363,694.6
1218,300576,246,976,1826.55,-186.2687156,0.05,0.0001,0.42106199264526367,62643,,
1241,305520,246,980,1862.99,-181.23991912000005,0.05,0.0001,0.40187257528305054,63879,,
1254,308776,246,984,1853.5,-174.51389093000006,0.05,0.0001,0.7154792547225952,64693,,
1259,310838,246,988,1837.44,-170.84790919000002,0.05,0.0001,1.5522273778915405,65209,,
1264,313513,247,992,1825.15,-171.66614220999998,0.05,0.0001,0.7400595545768738,65878,,
1270,315658,248,996,1796.62,-163.90230523,0.05,0.0001,1.7614983320236206,66414,,
1289,318884,247,1000,1785.56,-159.67731216,0.05,0.0001,0.4726925790309906,67220,,
1293,320662,247,1004,1758.97,-157.20255423999998,0.05,0.0001,0.5917989611625671,67665,,
1298,322529,248,1008,1700.92,-152.88104454,0.05,0.0001,0.5714325904846191,68132,,
1305,324712,248,1012,1660.97,-154.76440903999998,0.05,0.0001,0.6891109943389893,68677,,
1316,327446,248,1016,1600.71,-146.29775446999997,0.05,0.0001,0.7446298599243164,69361,,
1320,329526,249,1020,1516.11,-131.9010846,0.05,0.0001,1.7999311685562134,69881,,
1324,331845,250,1024,1430.23,-109.08733989999999,0.05,0.0001,0.49450814723968506,70461,,
1332,334574,251,1028,1315.74,-86.77968633,0.05,0.0001,0.5318080186843872,71143,,
1337,336680,251,1032,1216.8,-69.96831568,0.05,0.0001,0.33332622051239014,71669,,
1343,338579,251,1036,1115.79,-51.919263019999995,0.05,0.0001,0.42435264587402344,72144,,
1346,340098,252,1040,1016.52,-37.495241060000005,0.05,0.0001,0.7146421670913696,72524,,
1360,342178,251,1044,933.63,-23.193053259999996,0.05,0.0001,0.5018756985664368,73044,,
1367,344326,251,1048,845.83,-1.9778583799999998,0.05,0.0001,0.36018621921539307,73581,,
1370,346129,252,1052,775.04,8.05502298,0.05,0.0001,0.43694552779197693,74032,,
1375,348230,253,1056,728.94,11.589528290000002,0.05,0.0001,0.2628031075000763,74557,,
1382,350595,253,1060,669.15,15.905159780000002,0.05,0.0001,0.3828182518482208,75148,,
1384,351865,254,1064,624.7,20.19275692,0.05,0.0001,0.7485981583595276,75466,,
1388,353245,254,1068,598.86,19.62157681,0.05,0.0001,1.4133609533309937,75811,,
1391,354707,254,1072,584.31,19.855092669999998,0.05,0.0001,0.23187188804149628,76176,,
1393,356278,255,1076,557.02,17.03765296,0.05,0.0001,0.13163407146930695,76569,,
1398,358160,256,1080,526.4,17.59442811,0.05,0.0001,1.372248888015747,77039,,
1402,359837,256,1084,510.61,14.255298220000004,0.05,0.0001,0.47362083196640015,77459,,
1405,361420,257,1088,505.82,14.68137289,0.05,0.0001,0.32444098591804504,77854,,
1406,362747,257,1092,492.34,15.494314089999998,0.05,0.0001,3.691847085952759,78186,,
1412,364932,258,1096,492.74,19.355796870000002,0.05,0.0001,3.164376974105835,78732,,
1414,366141,258,1100,472.57,18.716242660000002,0.05,0.0001,0.877731442451477,79035,,
1420,367849,259,1104,471.87,19.764716410000002,0.05,0.0001,0.9819366335868835,79462,,
1435,369830,257,1108,473.01,16.406826390000003,0.05,0.0001,13.777107238769531,79957,,
1439,371040,257,1112,463.28,19.30231946,0.05,0.0001,0.39381542801856995,80259,,
1443,372587,258,1116,451.41,11.24313251,0.05,0.0001,0.3628797233104706,80646,,
1446,373955,258,1120,444.29,8.71731193,0.05,0.0001,0.7381656169891357,80988,,
1450,375936,259,1124,440.91,6.871716399999997,0.05,0.0001,0.22470752894878387,81483,,
1453,377480,259,1128,429.06,6.091173789999999,0.05,0.0001,3.221687078475952,81869,,
1456,379011,260,1132,423.31,7.56925877,0.05,0.0001,0.9958730340003967,82252,,
1459,380491,260,1136,419.12,11.56128242,0.05,0.0001,1.3573061227798462,82622,,
1463,382109,261,1140,420.11,14.994964509999997,0.05,0.0001,1.3912802934646606,83027,,
1466,383858,261,1144,416.8,12.152137039999996,0.05,0.0001,0.3955422043800354,83464,,
1470,385150,261,1148,408.24,7.484834519999997,0.05,0.0001,1.6336617469787598,83787,,
1474,387243,262,1152,411.14,10.183659609999998,0.05,0.0001,0.5755021572113037,84310,,
1477,388880,263,1156,406.5,11.38850931,0.05,0.0001,0.36345767974853516,84719,,
1480,390471,263,1160,398.76,12.343969170000001,0.05,0.0001,0.43623191118240356,85117,,
1483,392209,264,1164,403.44,8.941027280000002,0.05,0.0001,1.2643011808395386,85552,,
1486,393563,264,1168,403.18,7.142700550000002,0.05,0.0001,0.2753177583217621,85890,,
1491,395682,265,1172,409.75,12.869752490000002,0.05,0.0001,0.9453893303871155,86420,,
1494,397391,265,1176,411.13,19.254813979999998,0.05,0.0001,0.39948025345802307,86847,,
1497,398738,266,1180,405.78,15.73975899,0.05,0.0001,0.4760918617248535,87184,,
,400000,,,,,0.05,0.0001,1.0114063024520874,87499,29.07441440381865,417.6
1512,400441,264,1184,406.04,20.2173128,0.05,0.0001,3.496951103210449,87610,,
1514,401660,265,1188,402.4,18.31543449,0.05,0.0001,0.838934063911438,87914,,
1516,403122,265,1192,403.75,24.3179708,0.05,0.0001,3.571042776107788,88280,,
1520,404965,266,1196,400.33,19.915979290000003,0.05,0.0001,0.40547361969947815,88741,,
1522,406168,266,1200,400.27,22.411721220000008,0.05,0.0001,0.5661569237709045,89041,,
1527,407638,266,1204,397.89,21.365799829999997,0.05,0.0001,0.33117052912712097,89409,,
1530,408979,267,1208,391.49,22.32480753,0.05,0.0001,1.4534231424331665,89744,,
1535,410536,267,1212,394.96,26.06129217,0.05,0.0001,0.5157506465911865,90133,,
1537,411483,267,1216,388.96,26.680750960000005,0.05,0.0001,1.2640299797058105,90370,,
1539,412685,268,1220,387.3,26.996138599999995,0.05,0.0001,3.0088839530944824,90671,,
1541,413994,268,1224,380.58,20.72619662,0.05,0.0001,0.48283737897872925,90998,,
1543,415235,268,1228,377.55,17.558622819999993,0.05,0.0001,0.4918663501739502,91308,,
1545,416424,269,1232,374.13,13.161105189999999,0.05,0.0001,0.29269087314605713,91605,,
1548,418187,270,1236,376.96,9.173945999999999,0.05,0.0001,0.2463567703962326,92046,,
1550,419353,270,1240,372.44,3.7916802299999994,0.05,0.0001,0.21395261585712433,92338,,
1551,420379,270,1244,365.21,1.5536816599999992,0.05,0.0001,0.8562442660331726,92594,,
1554,421645,271,1248,364.95,-1.5484494999999998,0.05,0.0001,0.4332309663295746,92911,,
1557,423049,271,1252,358.06,-7.15652723,0.05,0.0001,1.4619603157043457,93262,,
1558,424166,272,1256,352.86,-10.722502390000002,0.05,0.0001,0.9064090847969055,93541,,
1560,425358,272,1260,348.87,-13.353058699999998,0.05,0.0001,0.4240455627441406,93839,,
1562,426558,273,1264,343.49,-15.287857499999998,0.05,0.0001,0.6053571105003357,94139,,
1564,427972,273,1268,344.09,-14.96833806,0.05,0.0001,0.9557863473892212,94492,,
1567,429578,274,1272,338.96,-16.804273789999996,0.05,0.0001,0.2691801190376282,94894,,
1571,430919,274,1276,335.28,-23.346615739999994,0.05,0.0001,0.814911961555481,95229,,
1585,432199,272,1280,334.61,-22.92431177,0.05,0.0001,2.157388210296631,95549,,
1587,433126,272,1284,326.85,-27.20721978,0.05,0.0001,0.3189857304096222,95781,,
1591,434640,273,1288,329.8,-24.918650770000003,0.05,0.0001,1.575840711593628,96159,,
1592,435808,273,1292,326.86,-30.297905729999993,0.05,0.0001,0.4693130552768707,96451,,
1594,437164,274,1296,321.99,-30.242608829999998,0.05,0.0001,4.564000129699707,96790,,
1597,438570,274,1300,324.02,-30.775100450000004,0.05,0.0001,0.37003761529922485,97142,,
1599,439950,274,1304,323.12,-26.621824239999995,0.05,0.0001,1.6714215278625488,97487,,
1604,442167,275,1308,331.88,-22.85369726,0.05,0.0001,8.57939624786377,98041,,
1608,443984,276,1312,334.48,-24.15425467,0.05,0.0001,0.255819171667099,98495,,
1610,445230,276,1316,337.47,-20.337413189999996,0.05,0.0001,0.2581113576889038,98807,,
1612,446400,276,1320,337.15,-20.179992719999994,0.05,0.0001,0.4583194851875305,99099,,
1615,447947,277,1324,339.53,-16.302420870000002,0.05,0.0001,0.7728911638259888,99486,,
1616,448688,277,1328,334.53,-16.03202842,0.05,0.0001,0.625381350517273,99671,,
1619,450189,277,1332,337.65,-13.440032699999996,0.05,0.0001,0.9136018753051758,100047,,
1621,451203,278,1336,330.16,-14.75976419,0.05,0.0001,0.2685459554195404,100300,,
1624,452599,278,1340,332.46,-12.505536419999999,0.05,0.0001,0.447081983089447,100649,,
1626,453813,279,1344,334.34,-11.88887089,0.05,0.0001,0.5814133882522583,100953,,
1627,454998,279,1348,333.53,-11.460824800000001,0.05,0.0001,0.43899163603782654,101249,,
1629,456096,279,1352,330.47,-7.72492718,0.05,0.0001,0.3055378794670105,101523,,
1631,457280,280,1356,331.14,-7.728511349999999,0.05,0.0001,1.9018843173980713,101819,,
1633,458453,280,1360,330.95,-4.072779270000001,0.05,0.0001,3.471993923187256,102113,,
1634,459665,281,1364,331.07,-0.5176188499999995,0.05,0.0001,0.7624648213386536,102416,,
1636,460723,281,1368,327.51,-2.1910103100000002,0.05,0.0001,0.5670134425163269,102680,,
1639,462218,281,1372,326.4,-1.53912053,0.05,0.0001,1.2758556604385376,103054,,
1642,464079,282,1376,331.6,-1.0896001799999986,0.05,0.0001,0.33833467960357666,103519,,
1644,465400,282,1380,332.01,1.9095488400000007,0.05,0.0001,0.7779110074043274,103849,,
1646,466943,283,1384,338.17,10.938623550000003,0.05,0.0001,0.26037031412124634,104235,,
1657,467908,282,1388,332.68,8.347545250000001,0.05,0.0001,0.3676765263080597,104476,,
1661,468872,282,1392,330.64,8.240472470000004,0.05,0.0001,0.8315518498420715,104717,,
1663,469837,282,1396,326.73,6.267354590000002,0.05,0.0001,1.5672850608825684,104959,,
1664,470735,282,1400,321.65,5.32003756,0.05,0.0001,0.5734796524047852,105183,,
1668,471855,282,1404,319.05,0.113952990000001,0.05,0.0001,0.23400366306304932,105463,,
1669,472711,283,1408,305.44,-2.44330071,0.05,0.0001,0.8780572414398193,105677,,
1672,474289,283,1412,303.05,-4.56199322,0.05,0.0001,0.7638092637062073,106072,,
1674,475613,283,1416,303.83,-4.744603279999999,0.05,0.0001,0.4973556399345398,106403,,
1675,476490,284,1420,300.9,-2.941760749999999,0.05,0.0001,3.1146416664123535,106622,,
1679,477557,284,1424,296.1,-5.801143679999999,0.05,0.0001,0.24983566999435425,106889,,
1682,478913,284,1428,302.25,-3.2434595499999994,0.05,0.0001,3.3693833351135254,107228,,
1685,480032,284,1432,298.43,-1.9774611899999985,0.05,0.0001,0.39297497272491455,107507,,
1688,481247,284,1436,300.44,0.9938504300000011,0.05,0.0001,1.955469012260437,107811,,
1690,482239,285,1440,296.4,2.7817601299999994,0.05,0.0001,0.8300396203994751,108059,,
1694,483588,285,1444,297.75,4.558854370000001,0.05,0.0001,0.9896179437637329,108396,,
1697,484927,285,1448,299.29,6.427065659999999,0.05,0.0001,0.1876678615808487,108731,,
1699,486121,286,1452,300.25,5.747269589999999,0.05,0.0001,1.4635939598083496,109030,,
1700,487140,286,1456,298.6,5.66936518,0.05,0.0001,1.1143401861190796,109284,,
1702,488079,286,1460,296.26,2.9638803099999995,0.05,0.0001,0.5732558965682983,109519,,
1704,489295,287,1464,296.3,3.1448196699999973,0.05,0.0001,0.7633378505706787,109823,,
1706,490356,287,1468,296.33,5.8125679299999975,0.05,0.0001,0.6622547507286072,110088,,
1708,491682,287,1472,294.64,3.44238843,0.05,0.0001,0.4085446298122406,110420,,
1710,492938,288,1476,288.59,3.5483753499999993,0.05,0.0001,0.30505576729774475,110734,,
1713,494353,288,1480,289.53,-0.07360658999999999,0.05,0.0001,0.27479732036590576,111088,,
1716,495901,288,1484,289.58,-6.46994193,0.05,0.0001,1.1277962923049927,111475,,
1719,497586,289,1488,296.78,-1.4443758400000015,0.05,0.0001,0.2321256399154663,111896,,
1733,499494,288,1492,306.22,0.08939468999999577,0.05,0.0001,0.3216310739517212,112373,,
,500000,,,,,0.05,0.0001,0.2853085994720459,112499,67.89650556616525,320.0
1737,501037,288,1496,312.0,2.491291299999996,0.05,0.0001,11.76148796081543,112759,,
1739,502164,288,1500,314.29,0.2433847899999978,0.05,0.0001,2.0927789211273193,113040,,
1741,503545,289,1504,316.9,7.9452002199999985,0.05,0.0001,0.6857251524925232,113386,,
1743,504939,289,1508,322.28,9.681552219999997,0.05,0.0001,0.5011190176010132,113734,,
1745,506227,289,1512,319.38,11.341015509999995,0.05,0.0001,0.3670598864555359,114056,,
1749,508028,290,1516,324.15,15.155831330000002,0.05,0.0001,0.6771188974380493,114506,,
1750,509082,290,1520,325.92,14.08019643,0.05,0.0001,0.2697392702102661,114770,,
1752,510251,291,1524,326.94,14.370653469999993,0.05,0.0001,0.34879031777381897,115062,,
1754,511359,291,1528,324.46,13.422189509999999,0.05,0.0001,0.4284975230693817,115339,,
1756,512685,291,1532,326.53,15.92434773,0.05,0.0001,0.34492960572242737,115671,,
1761,514080,291,1536,328.33,20.98948617,0.05,0.0001,0.6898279786109924,116019,,
1765,515754,292,1540,335.15,22.865215029999998,0.05,0.0001,0.8000391721725464,116438,,
1768,516975,292,1544,333.87,24.882935350000004,0.05,0.0001,0.46706297993659973,116743,,
1770,518080,292,1548,331.53,26.07809718,0.05,0.0001,0.47301235795021057,117019,,
1772,519059,292,1552,329.38,23.259026970000004,0.05,0.0001,0.4690523147583008,117264,,
1774,520213,293,1556,330.73,26.569958940000006,0.05,0.0001,0.6722574234008789,117553,,
1777,521172,293,1560,330.93,27.406691680000005,0.05,0.0001,0.3916587829589844,117792,,
1780,522422,293,1564,331.27,30.41913565,0.05,0.0001,4.801599025726318,118105,,
1784,523671,293,1568,333.15,31.475756059999995,0.05,0.0001,0.2858555018901825,118417,,
1785,524834,293,1572,331.52,31.640666180000007,0.05,0.0001,1.1334712505340576,118708,,
1788,525938,294,1576,330.0,31.250984609999996,0.05,0.0001,0.2134023755788803,118984,,
1791,527427,294,1580,330.74,31.06632767,0.05,0.0001,0.35125911235809326,119356,,
1792,528486,294,1584,325.85,28.189704310000003,0.05,0.0001,0.8090779781341553,119621,,
1794,529546,295,1588,319.6,26.3968824,0.05,0.0001,0.7058387994766235,119886,,
1806,531226,294,1592,317.32,31.39579055,0.05,0.0001,0.12858453392982483,120306,,
1808,532500,294,1596,314.63,29.673234779999998,0.05,0.0001,0.5540006160736084,120624,,
1809,533551,294,1600,313.87,30.464798579999997,0.05,0.0001,2.119612455368042,120887,,
1811,534523,295,1604,309.78,21.912872089999993,0.05,0.0001,0.3839990496635437,121130,,
1813,535992,295,1608,310.53,25.099580659999994,0.05,0.0001,0.9324076175689697,121497,,
1815,537626,296,1612,313.99,24.20426957999999,0.05,0.0001,0.3919740319252014,121906,,
1818,539168,296,1616,311.4,25.27014894,0.05,0.0001,0.7026903629302979,122291,,
1820,540381,296,1620,312.99,27.99582706,0.05,0.0001,0.49115633964538574,122595,,
1821,541339,297,1624,310.88,28.34387313,0.05,0.0001,2.0051846504211426,122834,,
1823,542608,297,1628,312.49,32.21589874000001,0.05,0.0001,0.3474835157394409,123151,,
1824,543656,297,1632,309.71,30.264941680000003,0.05,0.0001,0.4448729455471039,123413,,
1827,545389,298,1636,313.09,27.087129469999994,0.05,0.0001,0.7885061502456665,123847,,
1829,546603,298,1640,308.49,24.338274520000006,0.05,0.0001,1.2757238149642944,124150,,
1830,547842,299,1644,308.67,20.407642759999998,0.05,0.0001,4.9404616355896,124460,,
1833,549379,299,1648,312.99,21.43845222,0.05,0.0001,0.3648879826068878,124844,,
1835,550762,300,1652,317.03,25.041336719999993,0.05,0.0001,0.8808792233467102,125190,,
1839,552781,300,1656,325.68,25.385148879999996,0.05,0.0001,0.35019123554229736,125695,,
1842,554430,300,1660,332.58,33.5665251,0.05,0.0001,0.379804790019989,126107,,
1844,555927,301,1664,335.05,33.5230234,0.05,0.0001,1.2071952819824219,126481,,
1845,556884,301,1668,332.13,30.208971229999996,0.05,0.0001,0.2686368227005005,126720,,
1850,558437,301,1672,336.03,32.156505779999996,0.05,0.0001,1.6346840858459473,127109,,
1854,560083,302,1676,341.45,35.8977071,0.05,0.0001,1.1506237983703613,127520,,
1855,561131,302,1680,337.04,37.72081075,0.05,0.0001,0.17626281082630157,127782,,
1858,562919,302,1684,344.33,43.15245202999999,0.05,0.0001,0.43407928943634033,128229,,
1860,564269,303,1688,347.23,42.18730875,0.05,0.0001,1.0708856582641602,128567,,
1862,565254,303,1692,340.28,38.86000425,0.05,0.0001,0.33424684405326843,128813,,
1864,566491,303,1696,339.91,41.720643329999994,0.05,0.0001,0.5541187524795532,129122,,
1867,567677,304,1700,341.26,44.66107195000001,0.05,0.0001,0.31225988268852234,129419,,
1885,569741,302,1704,352.18,52.38805558,0.05,0.0001,0.30991315841674805,129935,,
1889,571680,302,1708,356.88,50.961724440000005,0.05,0.0001,1.0676075220108032,130419,,
1892,573452,302,1712,358.26,56.86091219,0.05,0.0001,0.3689124584197998,130862,,
1894,574751,303,1716,355.83,48.535860819999996,0.05,0.0001,0.44011563062667847,131187,,
1896,576019,303,1720,356.38,48.62368815000001,0.05,0.0001,1.3165429830551147,131504,,
1902,579121,304,1724,377.82,53.41407212,0.05,0.0001,0.30184125900268555,132280,,
1905,581118,305,1728,385.1,53.01194996,0.05,0.0001,1.5962344408035278,132779,,
1908,582855,305,1732,391.99,54.41644016,0.05,0.0001,0.4743894338607788,133213,,
1913,585012,305,1736,396.23,53.63686673000001,0.05,0.0001,0.40713125467300415,133752,,
1916,587080,306,1740,404.77,55.440299880000005,0.05,0.0001,0.3010689616203308,134269,,
1920,589117,306,1744,412.75,60.94542535000001,0.05,0.0001,1.4431484937667847,134779,,
1924,591412,307,1748,420.33,64.79885127,0.05,0.0001,0.3022085726261139,135352,,
1927,593444,307,1752,426.82,65.91816876,0.05,0.0001,1.452632188796997,135860,,
1930,595025,308,1756,422.44,68.56575369000001,0.05,0.0001,0.3425750434398651,136256,,
1933,596879,308,1760,424.49,65.55719706000001,0.05,0.0001,0.5556082725524902,136719,,
,600000,,,,,0.05,0.0001,3.8166561126708984,137499,146.63789389169102,516.6
1957,600726,306,1764,447.99,62.82437787999999,0.05,0.0001,2.601318836212158,137681,,
1961,602897,307,1768,460.13,66.72983774,0.05,0.0001,3.2912464141845703,138224,,
1968,605833,307,1772,473.96,63.373015429999995,0.05,0.0001,0.32231274247169495,138958,,
1973,608539,308,1776,484.56,57.572376779999985,0.05,0.0001,0.7467367649078369,139634,,
1977,610715,308,1780,495.84,51.397618920000006,0.05,0.0001,0.4017401933670044,140178,,
1988,614532,309,1784,516.13,54.38294015,0.05,0.0001,0.3031942844390869,141132,,
1993,617381,309,1788,531.12,60.10734915,0.05,0.0001,0.473736047744751,141845,,
1999,620782,310,1792,555.28,65.79914088,0.05,0.0001,0.9209993481636047,142695,,
2004,623294,310,1796,568.03,68.97985044,0.05,0.0001,0.4073539972305298,143323,,
2008,625392,311,1800,577.15,76.17609911000001,0.05,0.0001,0.4525996148586273,143847,,
2011,627352,311,1804,576.11,75.84807555,0.05,0.0001,1.0208290815353394,144337,,
2028,630977,311,1808,592.97,79.01571502,0.05,0.0001,1.3673813343048096,145244,,
2034,634312,311,1812,608.6,79.62802824,0.05,0.0001,0.341721773147583,146077,,
2040,637077,312,1816,623.26,85.87848561000001,0.05,0.0001,1.6847319602966309,146769,,
2049,640656,312,1820,646.37,89.90656993,0.05,0.0001,0.3864160478115082,147663,,
2060,644780,312,1824,656.59,91.72012647,0.05,0.0001,0.40910476446151733,148694,,
2065,647284,313,1828,661.66,93.59831110999998,0.05,0.0001,1.9541549682617188,149320,,
2082,652312,313,1832,694.57,92.79937128999998,0.05,0.0001,0.8939356803894043,150577,,
2110,659019,312,1836,740.07,88.80270979,0.05,0.0001,0.24241432547569275,152254,,
2123,664009,312,1840,769.29,86.59024593000002,0.05,0.0001,0.4485284686088562,153502,,
2147,671036,312,1844,819.19,76.72793609000001,0.05,0.0001,0.48416808247566223,155258,,
2174,676506,311,1848,850.94,66.29067965,0.05,0.0001,1.8126447200775146,156626,,
2242,688506,307,1852,950.62,46.066284030000006,0.05,0.0001,1.0109407901763916,159626,,
2320,697978,300,1856,1029.53,26.41202854,0.05,0.0001,1.4389923810958862,161994,,
,700000,,,,,0.05,0.0001,0.3863708972930908,162499,-291.1363923631878,2030.4
2466,710103,287,1860,1132.24,8.616946050000001,0.05,0.0001,0.5510452389717102,165025,,
2565,722103,281,1864,1213.77,-9.673426370000001,0.05,0.0001,0.5742786526679993,168025,,
2665,734103,275,1868,1312.06,-29.647803800000002,0.05,0.0001,0.45403826236724854,171025,,
2783,744007,267,1872,1381.74,-39.91860445999999,0.05,0.0001,0.5017246007919312,173501,,
2891,756007,261,1876,1474.68,-53.956829139999996,0.05,0.0001,3.4214115142822266,176501,,
2990,768007,256,1880,1572.92,-66.14818179,0.05,0.0001,0.47146081924438477,179501,,
3029,777052,256,1884,1625.2,-87.78368318000001,0.05,0.0001,0.2636706233024597,181762,,
3112,786020,252,1888,1686.39,-109.90562523,0.05,0.0001,0.3307376205921173,184004,,
3159,792126,250,1892,1713.44,-128.55612233,0.05,0.0001,0.4150593876838684,185531,,
,800000,,,,,0.05,0.0001,0.31929710507392883,187499,-383.2440971356729,2423.6
3268,804506,246,1896,1812.12,-154.25540628,0.05,0.0001,0.36435064673423767,188626,,
3315,810799,244,1900,1854.07,-177.06874582,0.05,0.0001,3.541646957397461,190199,,
3335,815472,244,1904,1881.2,-193.88174499000004,0.05,0.0001,0.5280925035476685,191367,,
3363,819834,243,1908,1888.57,-209.69125029000003,0.05,0.0001,0.45077934861183167,192458,,
3383,824908,243,1912,1905.96,-228.57236053999998,0.05,0.0001,0.2149144858121872,193726,,
3441,832551,241,1916,1954.74,-241.31939451,0.05,0.0001,0.34748154878616333,195637,,
3511,841596,239,1920,2009.4,-263.43674836,0.05,0.0001,0.45854440331459045,197898,,
3579,849478,237,1924,2046.98,-278.75264913,0.05,0.0001,4.123503684997559,199869,,
3630,857548,236,1928,2102.64,-295.80470691,0.05,0.0001,0.39627328515052795,201886,,
3717,868745,233,1932,2164.33,-317.04913174,0.05,0.0001,1.0316144227981567,204686,,
3761,875305,232,1936,2162.86,-325.47595777,0.05,0.0001,0.45434895157814026,206326,,
3791,881916,232,1940,2179.07,-338.2169804599999,0.05,0.0001,0.38424569368362427,207978,,
3822,887711,232,1944,2166.75,-339.0432580500001,0.05,0.0001,0.3826943337917328,209427,,
3870,896127,231,1948,2196.21,-345.09276097,0.05,0.0001,0.4501556158065796,211531,,
,900000,,,,,0.05,0.0001,0.4692891836166382,212499,-121.96829942187223,1586.0
3982,906000,227,1952,2174.94,-339.86210561000007,0.05,0.0001,0.539947509765625,213999,,
4004,912070,227,1956,2140.92,-330.62238336,0.05,0.0001,0.4582406282424927,215517,,
4084,921855,225,1960,2117.52,-329.37875564,0.05,0.0001,0.5778396725654602,217963,,
4161,931586,223,1964,2094.83,-323.76658964999996,0.05,0.0001,4.370187759399414,220396,,
4208,939370,223,1968,2052.67,-313.53631757000005,0.05,0.0001,0.8673979043960571,222342,,
4255,947081,222,1972,2030.74,-309.90975218999995,0.05,0.0001,0.4730357825756073,224270,,
4317,956851,221,1976,2008.44,-305.63546053,0.05,0.0001,1.328803300857544,226712,,
4396,968851,220,1980,2008.44,-307.19633512,0.05,0.0001,0.9443169236183167,229712,,
4427,973891,219,1984,1968.39,-293.90272232,0.05,0.0001,0.2755308151245117,230972,,
4481,983459,219,1988,1974.39,-289.32629876000004,0.05,0.0001,0.714160680770874,233364,,
4545,991312,218,1992,1991.86,-285.45608868,0.05,0.0001,0.3847503662109375,235327,,
4622,998404,215,1996,1938.98,-269.85293761,0.05,0.0001,2.161388635635376,237100,,
,1000000,,,,,0.05,0.0001,0.3587239384651184,237499,-407.48587933914314,3000.0
4758,1003893,210,2000,1930.94,-254.50113439999998,0.05,0.0001,0.3258169889450073,238473,,
4765,1006318,211,2004,1908.46,-234.94884667999997,0.05,0.0001,0.7146838903427124,239079,,
4801,1011159,210,2008,1913.25,-223.16514270999997,0.05,0.0001,0.16667619347572327,240289,,
4847,1018537,210,2012,1936.29,-215.92752183999997,0.05,0.0001,1.160323143005371,242134,,
4867,1022024,209,2016,1894.73,-201.37262516999996,0.05,0.0001,0.4117371141910553,243005,,
4880,1025349,210,2020,1837.53,-177.94952557999994,0.05,0.0001,0.4509304463863373,243837,,
4899,1028689,209,2024,1792.11,-160.90907154,0.05,0.0001,0.3274230360984802,244672,,
4954,1037055,209,2028,1795.07,-156.73334976,0.05,0.0001,0.4780728220939636,246763,,
4986,1043758,209,2032,1750.13,-141.16329701999996,0.05,0.0001,1.1664681434631348,248439,,
4992,1046268,209,2036,1709.63,-123.16321767,0.05,0.0001,0.1907798945903778,249066,,
5011,1050227,209,2040,1683.11,-106.14343589000002,0.05,0.0001,0.3881433606147766,250056,,
5028,1055598,209,2044,1678.87,-98.24037845000001,0.05,0.0001,0.3888489305973053,251399,,
5063,1062021,209,2048,1658.94,-89.33443591,0.05,0.0001,1.1257107257843018,253005,,
5069,1064569,210,2052,1585.69,-70.17839989000001,0.05,0.0001,0.4419727027416229,253642,,
5103,1071743,209,2056,1596.73,-71.18078577,0.05,0.0001,1.3033249378204346,255435,,
5108,1073811,210,2060,1519.56,-49.551636089999995,0.05,0.0001,0.5430307388305664,255952,,
5116,1077225,210,2064,1456.39,-31.829291649999988,0.05,0.0001,0.26556694507598877,256806,,
5122,1079874,210,2068,1405.04,-18.359739789999985,0.05,0.0001,0.3177173435688019,257468,,
5140,1084733,211,2072,1376.52,-9.004589919999995,0.05,0.0001,0.17969821393489838,258683,,
5162,1088447,210,2076,1315.96,7.5500148300000065,0.05,0.0001,0.21015048027038574,259611,,
5171,1091604,211,2080,1227.53,29.032552080000006,0.05,0.0001,0.37169599533081055,260400,,
5175,1093447,211,2084,1195.56,40.70236459000001,0.05,0.0001,1.371958613395691,260861,,
5182,1095995,211,2088,1125.36,60.287239790000015,0.05,0.0001,0.37677329778671265,261498,,
5189,1098549,211,2092,1072.37,76.11950804,0.05,0.0001,0.2920994758605957,262137,,
,1100000,,,,,0.05,0.0001,0.33643192052841187,262499,197.24656319701438,547.8
5205,1102134,211,2096,1037.3,86.72948928,0.05,0.0001,5.144652843475342,263033,,
5213,1104680,211,2100,1007.87,87.69607061999997,0.05,0.0001,0.23495659232139587,263669,,
5240,1108867,211,2104,1025.49,82.0128866,0.05,0.0001,0.2555472254753113,264716,,
5244,1111080,211,2108,999.21,88.34960163,0.05,0.0001,0.2594180107116699,265269,,
5249,1113155,212,2112,946.18,99.45763198,0.05,0.0001,7.371795654296875,265788,,
5257,1115892,212,2116,938.68,100.12406825000002,0.05,0.0001,0.5554002523422241,266472,,
5262,1118357,212,2120,930.08,100.70557749,0.05,0.0001,0.32986077666282654,267089,,
5267,1120787,212,2124,920.98,101.72803913,0.05,0.0001,1.7934505939483643,267696,,
5288,1125298,212,2128,882.43,108.7787154,0.05,0.0001,0.6482458114624023,268824,,
5293,1127377,212,2132,836.19,120.52995216,0.05,0.0001,0.36896103620529175,269344,,
5306,1129942,212,2136,836.74,117.54625664000001,0.05,0.0001,0.3888862133026123,269985,,
5318,1132873,212,2140,826.46,119.70298344000003,0.05,0.0001,4.605172157287598,270718,,
5325,1135271,213,2144,796.73,127.35127187000002,0.05,0.0001,0.17621615529060364,271317,,
5332,1137775,213,2148,757.54,135.92461295,0.05,0.0001,0.3205283284187317,271943,,
5342,1140753,213,2152,761.84,134.93231594,0.05,0.0001,0.5250424146652222,272688,,
5348,1142928,213,2156,711.85,148.54171469000002,0.05,0.0001,0.2722088694572449,273231,,
5353,1145159,213,2160,713.48,147.70744581,0.05,0.0001,0.18308156728744507,273789,,
5360,1147631,214,2164,704.06,149.98004758000002,0.05,0.0001,0.13629411160945892,274407,,
5364,1149425,214,2168,695.51,149.20659492999997,0.05,0.0001,0.7136780619621277,274856,,
5371,1151751,214,2172,670.18,154.24756344999997,0.05,0.0001,0.2821047306060791,275437,,
5390,1155047,214,2176,666.0,155.17011551,0.05,0.0001,0.31868720054626465,276261,,
5395,1157216,214,2180,656.12,160.13483101,0.05,0.0001,0.32495778799057007,276803,,
5405,1159810,214,2184,663.63,158.52024212999999,0.05,0.0001,0.135196253657341,277452,,
5415,1162455,214,2188,664.6,157.19300009,0.05,0.0001,0.4230871796607971,278113,,
5424,1166169,214,2192,676.2,154.45526098,0.05,0.0001,1.652018427848816,279042,,
5428,1168271,215,2196,661.37,157.44313724000003,0.05,0.0001,0.16144534945487976,279567,,
5435,1171551,215,2200,668.71,162.26450699,0.05,0.0001,0.22810876369476318,280387,,
5440,1173669,215,2204,648.02,165.47501997,0.05,0.0001,0.5952335000038147,280917,,
5444,1175744,215,2208,646.64,166.05146451000002,0.05,0.0001,0.42419400811195374,281435,,
5456,1177680,215,2212,645.25,168.50267104000002,0.05,0.0001,0.3094479739665985,281919,,
5461,1180211,216,2216,643.19,169.17042677,0.05,0.0001,0.14511340856552124,282552,,
5465,1182302,216,2220,639.45,168.20543499,0.05,0.0001,0.24077849090099335,283075,,
5468,1184171,216,2224,633.84,169.00273638,0.05,0.0001,0.982813835144043,283542,,
5476,1187452,216,2228,621.54,176.07395188,0.05,0.0001,0.2523674964904785,284362,,
5479,1189351,217,2232,619.74,176.63426128000003,0.05,0.0001,0.6294068694114685,284837,,
5482,1191199,217,2236,612.57,180.32254995000002,0.05,0.0001,0.36950042843818665,285299,,
5486,1193269,217,2240,603.96,182.59608218000002,0.05,0.0001,0.31663957238197327,285817,,
5489,1195059,217,2244,597.88,180.51054977,0.05,0.0001,0.31049761176109314,286264,,
5492,1196818,217,2248,590.43,183.18938039,0.05,0.0001,1.06290864944458,286704,,
5496,1199214,218,2252,584.61,182.26135066000003,0.05,0.0001,3.1550095081329346,287303,,
,1200000,,,,,0.05,0.0001,3.1262545585632324,287499,236.90004697430186,429.0
5501,1201301,218,2256,583.73,183.15609649,0.05,0.0001,0.8133942484855652,287825,,
5505,1203294,218,2260,581.35,183.44470700000002,0.05,0.0001,0.37920480966567993,288323,,
5509,1205580,218,2264,579.49,184.01985165999997,0.05,0.0001,0.2876470983028412,288894,,
5514,1207926,219,2268,585.01,185.97131515,0.05,0.0001,3.4809446334838867,289481,,
5526,1210100,218,2272,583.49,187.83850216000002,0.05,0.0001,0.39580634236335754,290024,,
5531,1212296,219,2276,572.49,189.96024494000002,0.05,0.0001,1.679704189300537,290573,,
5534,1214224,219,2280,570.08,190.70391266000001,0.05,0.0001,0.5638159513473511,291055,,
5539,1216391,219,2284,565.81,191.39592295999995,0.05,0.0001,1.05433988571167,291597,,
5542,1218340,219,2288,558.85,188.43487088000006,0.05,0.0001,0.3261297047138214,292084,,
5545,1220392,220,2292,542.23,189.41601133000003,0.05,0.0001,1.736979365348816,292597,,
5549,1222564,220,2296,542.93,189.20430579,0.05,0.0001,0.8151078224182129,293140,,
5555,1225784,220,2300,542.33,186.16136821000003,0.05,0.0001,1.0855035781860352,293945,,
5559,1227999,220,2304,543.3,188.07179098,0.05,0.0001,0.18472608923912048,294499,,
5563,1229873,221,2308,541.29,187.48079794,0.05,0.0001,0.2974259555339813,294968,,
5567,1231873,221,2312,541.93,187.53187283000003,0.05,0.0001,2.4358415603637695,295468,,
5571,1233996,221,2316,537.85,188.85621618000002,0.05,0.0001,0.24219080805778503,295998,,
5575,1236119,221,2320,538.17,191.45056036000003,0.05,0.0001,0.22020076215267181,296529,,
5578,1238160,221,2324,539.89,188.19348787,0.05,0.0001,0.3770465850830078,297039,,
5582,1240168,222,2328,527.16,190.17583331000003,0.05,0.0001,0.16894742846488953,297541,,
5599,1243318,222,2332,539.67,189.11222786,0.05,0.0001,0.2870967984199524,298329,,
5603,1245399,222,2336,542.0,188.89684734000005,0.05,0.0001,0.9672475457191467,298849,,
5607,1247569,222,2340,543.0,187.75199543,0.05,0.0001,0.21607039868831635,299392,,
5611,1249377,222,2344,543.18,187.72290342,0.05,0.0001,0.5637991428375244,299844,,
5615,1251066,222,2348,542.48,184.90699426,0.05,0.0001,4.60268497467041,300266,,
5620,1253673,223,2352,544.59,187.30431672999998,0.05,0.0001,0.3455943167209625,300918,,
5624,1255834,223,2356,545.33,185.73298435999996,0.05,0.0001,0.2684970498085022,301458,,
5627,1257787,223,2360,544.93,186.35954882,0.05,0.0001,3.703023910522461,301946,,
5633,1260508,223,2364,549.28,186.02636635999997,0.05,0.0001,0.1356317102909088,302626,,
5636,1262520,223,2368,545.94,187.22247312,0.05,0.0001,0.18839815258979797,303129,,
5639,1264357,224,2372,542.57,186.49359242999998,0.05,0.0001,3.408407211303711,303589,,
5642,1266069,224,2376,537.73,182.97027539999996,0.05,0.0001,1.3966220617294312,304017,,
5646,1268088,224,2380,538.64,179.65798787,0.05,0.0001,0.2906588912010193,304521,,
5648,1269591,224,2384,532.0,177.90667768000003,0.05,0.0001,2.890336513519287,304897,,
5651,1271140,224,2388,528.0,183.32520929000003,0.05,0.0001,3.71486234664917,305284,,
5655,1273081,225,2392,526.89,186.03168792,0.05,0.0001,0.25935009121894836,305770,,
5658,1274906,225,2396,523.42,183.72306598,0.05,0.0001,0.22962194681167603,306226,,
5662,1276899,225,2400,511.15,185.68577857999998,0.05,0.0001,0.16894790530204773,306724,,
5676,1278763,225,2404,507.64,185.91359791,0.05,0.0001,0.22018641233444214,307190,,
5681,1280736,225,2408,508.63,187.02959406999997,0.05,0.0001,0.30796393752098083,307683,,
5685,1282605,225,2412,507.32,184.30315872,0.05,0.0001,3.0539464950561523,308151,,
5687,1284217,225,2416,502.21,181.78039941999998,0.05,0.0001,0.26721543073654175,308554,,
5692,1286403,225,2420,502.84,181.59600142999997,0.05,0.0001,0.202462300658226,309100,,
5695,1288273,226,2424,501.13,185.16375951999999,0.05,0.0001,0.3419252336025238,309568,,
5699,1290162,226,2428,499.94,186.06904101000003,0.05,0.0001,0.2936750650405884,310040,,
5703,1292138,226,2432,488.2,187.28483853000006,0.05,0.0001,1.823489785194397,310534,,
5707,1294005,226,2436,486.06,185.65791756000002,0.05,0.0001,0.22311578691005707,311001,,
5714,1295978,226,2440,484.09,186.20037519000002,0.05,0.0001,8.335372924804688,311494,,
5719,1298026,226,2444,486.49,188.78899770999996,0.05,0.0001,0.3557293713092804,312006,,
5725,1299743,227,2448,486.77,191.23423388000003,0.05,0.0001,0.2918098568916321,312435,,
,1300000,,,,,0.05,0.0001,0.8632543087005615,312499,232.0076195565867,404.2
5731,1301844,227,2452,481.71,194.88320007000002,0.05,0.0001,0.2030196189880371,312960,,
5734,1303903,227,2456,480.69,195.42373322999995,0.05,0.0001,2.3527562618255615,313475,,
5747,1305845,227,2460,480.58,195.57841980000003,0.05,0.0001,0.3646434247493744,313961,,
5749,1307659,227,2464,471.51,196.67400341,0.05,0.0001,0.7785658836364746,314414,,
5753,1309495,227,2468,469.75,193.21637012,0.05,0.0001,3.1077146530151367,314873,,
5756,1311399,227,2472,470.42,192.54537639000006,0.05,0.0001,0.3393876552581787,315349,,
5759,1313381,228,2476,473.12,197.46647210999998,0.05,0.0001,0.24126794934272766,315845,,
5763,1315433,228,2480,473.45,200.61237241000003,0.05,0.0001,0.9974028468132019,316358,,
5767,1317785,228,2484,481.94,202.75005361999996,0.05,0.0001,0.2871977984905243,316946,,
5774,1320903,228,2488,497.63,199.28149043999997,0.05,0.0001,0.1250494122505188,317725,,
5778,1323122,228,2492,500.41,198.53580390000002,0.05,0.0001,0.8974325656890869,318280,,
5782,1325354,229,2496,504.48,201.05827880999993,0.05,0.0001,0.15705832839012146,318838,,
5786,1327524,229,2500,506.25,203.92609672000003,0.05,0.0001,0.15940751135349274,319380,,
5790,1329886,229,2504,511.23,203.79930617999997,0.05,0.0001,0.24019260704517365,319971,,
5794,1332015,229,2508,512.79,199.50951132999998,0.05,0.0001,0.1482231318950653,320503,,
5799,1334181,230,2512,515.76,199.37622925,0.05,0.0001,1.2640575170516968,321045,,
5803,1336275,230,2516,520.58,200.97201821000002,0.05,0.0001,0.21016064286231995,321568,,
5817,1338357,230,2520,519.54,201.22954348,0.05,0.0001,0.7367085814476013,322089,,
5823,1340522,230,2524,522.49,201.33756187000003,0.05,0.0001,0.8800902962684631,322630,,
5828,1342481,230,2528,523.19,201.28313031000002,0.05,0.0001,2.1430768966674805,323120,,
5833,1344405,230,2532,522.67,200.42079680000003,0.05,0.0001,0.16700521111488342,323601,,
5841,1346509,230,2536,525.04,201.76894209,0.05,0.0001,0.290115088224411,324127,,
5848,1349273,230,2540,532.95,198.65107762,0.05,0.0001,0.27071109414100647,324818,,
5852,1351190,230,2544,531.64,198.63820235000003,0.05,0.0001,0.15125088393688202,325297,,
5855,1353224,231,2548,534.81,198.7617311,0.05,0.0001,0.3298618197441101,325805,,
5860,1355484,231,2552,536.4,196.47082501,0.05,0.0001,0.22686566412448883,326370,,
5865,1358344,231,2556,544.41,195.01457073999995,0.05,0.0001,0.2152356505393982,327085,,
5868,1360235,231,2560,543.9,194.94689588,0.05,0.0001,0.1373777538537979,327558,,
5872,1362291,231,2564,546.32,194.45220987000002,0.05,0.0001,0.21113695204257965,328072,,
5876,1364369,232,2568,548.74,196.66593217000002,0.05,0.0001,0.2704707980155945,328592,,
5887,1366583,232,2572,551.84,197.53354262000005,0.05,0.0001,0.25988179445266724,329145,,
5892,1368667,232,2576,552.86,196.68865021000005,0.05,0.0001,0.20788636803627014,329666,,
5895,1370519,232,2580,550.86,196.76030569000002,0.05,0.0001,0.11495461314916611,330129,,
5898,1372307,232,2584,545.22,197.18886113000005,0.05,0.0001,0.35511645674705505,330576,,
5902,1374245,232,2588,533.42,199.24326584000002,0.05,0.0001,2.0154449939727783,331061,,
5907,1376966,233,2592,538.44,198.40085617,0.05,0.0001,0.8479665517807007,331741,,
5910,1379015,233,2596,536.61,199.30103607,0.05,0.0001,0.24385397136211395,332253,,
5913,1380910,233,2600,533.86,197.18538915999997,0.05,0.0001,7.005383491516113,332727,,
5920,1383954,233,2604,540.68,195.76840971000001,0.05,0.0001,1.988991379737854,333488,,
5925,1385609,233,2608,535.94,199.84715556999998,0.05,0.0001,0.2641853392124176,333902,,
5928,1387520,234,2612,533.39,202.64370129,0.05,0.0001,0.27752685546875,334379,,
5933,1389959,234,2616,536.84,202.45882740999997,0.05,0.0001,0.7653422951698303,334989,,
5937,1392138,234,2620,537.81,201.31812717,0.05,0.0001,0.19925177097320557,335534,,
5940,1394326,234,2624,538.04,198.23200591000005,0.05,0.0001,0.29430368542671204,336081,,
5944,1396384,234,2628,539.03,197.86402781,0.05,0.0001,4.20860481262207,336595,,
5948,1398554,235,2632,541.49,197.94917648000003,0.05,0.0001,2.5987751483917236,337138,,
,1400000,,,,,0.05,0.0001,0.22443874180316925,337499,220.80971040344156,507.0
5962,1400330,234,2636,538.21,199.27841978999996,0.05,0.0001,0.2560548484325409,337582,,
5966,1402706,235,2640,534.33,201.80584787,0.05,0.0001,0.19468170404434204,338176,,
5969,1404512,235,2644,533.22,202.01899379999998,0.05,0.0001,8.281892776489258,338627,,
5973,1406492,235,2648,532.68,201.27839213000004,0.05,0.0001,0.2493557333946228,339122,,
5977,1408947,235,2652,534.63,199.73267271000003,0.05,0.0001,0.281345933675766,339736,,
5982,1411520,235,2656,531.76,200.62815217000002,0.05,0.0001,1.2691231966018677,340379,,
5989,1413820,236,2660,535.85,197.58240787,0.05,0.0001,0.2269124984741211,340954,,
5992,1415778,236,2664,534.87,197.76485854999996,0.05,0.0001,0.20767682790756226,341444,,
5996,1417709,236,2668,533.4,197.69925236,0.05,0.0001,0.2355402261018753,341927,,
5999,1419600,236,2672,530.17,197.60646671999996,0.05,0.0001,0.8524635434150696,342399,,
6003,1421553,236,2676,528.86,197.21312508000003,0.05,0.0001,0.6616605520248413,342888,,
6005,1423037,236,2680,525.18,194.8330159,0.05,0.0001,5.27713680267334,343259,,
6009,1425038,237,2684,527.31,193.43674209999998,0.05,0.0001,0.8266807198524475,343759,,
6013,1427518,237,2688,532.73,192.70247403000002,0.05,0.0001,0.09504324197769165,344379,,
6016,1429251,237,2692,522.85,194.6435196,0.05,0.0001,0.16864816844463348,344812,,
6021,1431795,237,2696,527.8,192.98881928999995,0.05,0.0001,0.8980027437210083,345448,,
6032,1433601,237,2700,526.91,194.77287790999998,0.05,0.0001,1.2486239671707153,345900,,
6037,1435766,237,2704,518.12,196.59620328999995,0.05,0.0001,0.18836690485477448,346441,,
6040,1437748,238,2708,521.39,196.85097452000002,0.05,0.0001,0.8159440159797668,346936,,
6042,1439312,238,2712,517.92,197.49217052000003,0.05,0.0001,0.16324302554130554,347327,,
6045,1441005,238,2716,510.46,198.39920648999998,0.05,0.0001,0.17082995176315308,347751,,
6048,1442981,238,2720,508.43,199.42767959,0.05,0.0001,0.9162237048149109,348245,,
6051,1444561,238,2724,502.35,203.04055752,0.05,0.0001,0.16504763066768646,348640,,
6053,1446304,238,2728,499.2,203.76090213,0.05,0.0001,1.3014949560165405,349075,,
6056,1447999,239,2732,494.45,204.93295594000003,0.05,0.0001,2.749121904373169,349499,,
6059,1449902,239,2736,495.72,198.35684002,0.05,0.0001,0.19065044820308685,349975,,
6062,1451671,239,2740,489.65,198.96229021000002,0.05,0.0001,4.96518087387085,350417,,
6065,1453547,239,2744,490.35,198.68176052999996,0.05,0.0001,0.15925510227680206,350886,,
6068,1455299,239,2748,488.07,199.40823448,0.05,0.0001,0.2782561182975769,351324,,
6071,1457026,239,2752,480.79,200.78974066000004,0.05,0.0001,1.0102838277816772,351756,,
6074,1458771,240,2756,472.51,202.43918264,0.05,0.0001,0.27947813272476196,352192,,
6076,1460432,240,2760,466.12,205.57622219999993,0.05,0.0001,0.5257105827331543,352607,,
6079,1462135,240,2764,463.57,205.62042138999996,0.05,0.0001,0.1436304748058319,353033,,
6081,1463752,240,2768,460.43,206.81945928000002,0.05,0.0001,0.4602755904197693,353437,,
6086,1466368,240,2772,467.68,205.73384634,0.05,0.0001,2.4019083976745605,354091,,
6089,1468016,241,2776,464.63,206.89803082000003,0.05,0.0001,0.2785160541534424,354503,,
6092,1469601,241,2780,465.64,210.3191991,0.05,0.0001,0.11300552636384964,354900,,
6104,1471965,241,2784,469.27,209.73385143999997,0.05,0.0001,0.17521639168262482,355491,,
6107,1473418,241,2788,459.0,211.78859239000002,0.05,0.0001,0.17282289266586304,355854,,
6110,1475285,241,2792,460.34,210.96400428,0.05,0.0001,0.20373746752738953,356321,,
6113,1476898,241,2796,451.03,213.10574528,0.05,0.0001,0.20344187319278717,356724,,
6115,1478531,241,2800,449.3,214.08628897000003,0.05,0.0001,0.23585589230060577,357132,,
6119,1480138,241,2804,443.72,215.77346692000003,0.05,0.0001,0.11582835763692856,357534,,
6123,1482215,242,2808,444.67,213.70604378,0.05,0.0001,0.13509798049926758,358053,,
6126,1483834,242,2812,445.22,213.75535402999998,0.05,0.0001,0.13283780217170715,358458,,
6129,1485633,242,2816,446.28,214.95728388000003,0.05,0.0001,1.1301898956298828,358908,,
6132,1487217,242,2820,442.36,215.60375125000007,0.05,0.0001,0.9378263354301453,359304,,
6135,1489319,242,2824,447.58,214.56685314000003,0.05,0.0001,0.31953078508377075,359829,,
6138,1490944,242,2828,446.4,214.93642698,0.05,0.0001,0.8894760012626648,360235,,
6141,1493052,243,2832,450.53,213.60138365999998,0.05,0.0001,0.22311383485794067,360762,,
6144,1494908,243,2836,450.06,220.22209487999993,0.05,0.0001,0.19214552640914917,361226,,
6146,1496248,243,2840,445.77,221.03847061999997,0.05,0.0001,0.2736826539039612,361561,,
6152,1499437,243,2844,458.9,219.73343452999998,0.05,0.0001,0.20942485332489014,362359,,
,1500000,,,,,0.05,0.0001,0.9156873226165771,362499,232.7528015904069,391.2
6158,1501931,243,2848,466.32,219.63929371000003,0.05,0.0001,1.754286527633667,362982,,
6160,1503473,244,2852,464.47,220.62679793000004,0.05,0.0001,0.13599346578121185,363368,,
6162,1505049,244,2856,462.78,219.63258339,0.05,0.0001,0.22060894966125488,363762,,
6165,1506656,244,2860,462.24,219.80166050999998,0.05,0.0001,1.4085206985473633,364163,,
6176,1508498,244,2864,463.63,218.48675556999996,0.05,0.0001,0.16033339500427246,364624,,
6179,1509863,244,2868,461.11,218.71097656999999,0.05,0.0001,0.1756756752729416,364965,,
6182,1511677,244,2872,453.09,220.11271445,0.05,0.0001,0.17577220499515533,365419,,
6185,1513220,244,2876,452.04,220.32035998,0.05,0.0001,0.23854433000087738,365804,,
6187,1514583,244,2880,449.82,219.8725494,0.05,0.0001,0.2764550447463989,366145,,
6189,1516067,244,2884,441.02,221.87721846,0.05,0.0001,0.1758403182029724,366516,,
6192,1517796,245,2888,443.78,221.25316731000004,0.05,0.0001,0.26967817544937134,366948,,
6195,1519484,245,2892,441.99,222.43341244999996,0.05,0.0001,0.18330363929271698,367370,,
6198,1521449,245,2896,445.51,221.15076091,0.05,0.0001,0.22850744426250458,367862,,
6202,1523368,245,2900,448.37,220.25587057999994,0.05,0.0001,0.1800255924463272,368341,,
6204,1524844,245,2904,447.06,219.67277758,0.05,0.0001,0.585639476776123,368710,,
6206,1526538,245,2908,443.23,221.38586583,0.05,0.0001,0.19735553860664368,369134,,
6209,1528102,246,2912,442.68,221.08367117999998,0.05,0.0001,0.17511631548404694,369525,,
6214,1530886,246,2916,452.53,219.32075344999993,0.05,0.0001,0.6941901445388794,370221,,
6216,1532552,246,2920,453.35,219.23859879999998,0.05,0.0001,0.1348026543855667,370637,,
6221,1534782,246,2924,454.63,218.57878541000002,0.05,0.0001,0.21820078790187836,371195,,
6223,1536149,246,2928,452.05,218.18290765999998,0.05,0.0001,2.3594107627868652,371537,,
6226,1538109,247,2932,450.57,217.74495037999995,0.05,0.0001,0.23094557225704193,372027,,
6230,1540010,247,2936,451.02,217.17218770000002,0.05,0.0001,3.0116188526153564,372502,,
6232,1541696,247,2940,454.48,217.01065131,0.05,0.0001,0.4860621988773346,372923,,
6236,1543923,247,2944,444.86,218.86795228,0.05,0.0001,0.14106164872646332,373480,,
6249,1546358,247,2948,444.27,217.73669845999996,0.05,0.0001,0.23342712223529816,374089,,
6252,1547788,247,2952,443.15,217.43067163999996,0.05,0.0001,0.14090241491794586,374446,,
6254,1549300,247,2956,442.51,218.29976232,0.05,0.0001,0.419985830783844,374824,,
6257,1550781,247,2960,441.25,218.22244010999995,0.05,0.0001,0.14636844396591187,375195,,
6260,1552569,248,2964,440.71,219.66042481999997,0.05,0.0001,3.165508270263672,375642,,
6263,1554476,248,2968,446.13,219.91531458999998,0.05,0.0001,3.518380880355835,376118,,
6266,1556232,248,2972,445.55,219.66333118000003,0.05,0.0001,3.061460256576538,376557,,
6270,1558723,248,2976,455.03,217.64266507000008,0.05,0.0001,0.2348458170890808,377180,,
6273,1560294,248,2980,457.11,218.29246978000003,0.05,0.0001,0.1956174373626709,377573,,
6276,1562228,248,2984,461.61,217.31392915999996,0.05,0.0001,0.16493386030197144,378056,,
6279,1564001,249,2988,462.05,217.69600533999997,0.05,0.0001,0.1681116670370102,378500,,
6281,1565632,249,2992,461.48,217.56382691,0.05,0.0001,0.21401067078113556,378907,,
6284,1567126,249,2996,456.77,218.76588731,0.05,0.0001,1.3619414567947388,379281,,
6286,1568659,249,3000,452.91,219.99179540999998,0.05,0.0001,0.24573253095149994,379664,,
6290,1570747,249,3004,459.03,218.3413978,0.05,0.0001,0.1996133178472519,380186,,
6293,1572471,249,3008,459.33,218.14000605000004,0.05,0.0001,0.0945141464471817,380617,,
6295,1573989,250,3012,458.87,218.84283222000002,0.05,0.0001,0.7176052927970886,380997,,
6298,1575641,250,3016,447.55,219.99747485,0.05,0.0001,0.26317766308784485,381410,,
6301,1577279,250,3020,447.27,219.86329665000002,0.05,0.0001,0.22383974492549896,381819,,
6304,1579074,250,3024,442.92,221.67529682999998,0.05,0.0001,0.20166628062725067,382268,,
6307,1580815,250,3028,446.66,220.84532798999996,0.05,0.0001,0.4714778661727905,382703,,
6310,1582432,250,3032,443.23,221.84016135000002,0.05,0.0001,0.09461838006973267,383107,,
6321,1584386,250,3036,443.76,221.97909550000003,0.05,0.0001,0.5526882410049438,383596,,
6325,1586223,250,3040,445.27,221.3266708,0.05,0.0001,0.16672511398792267,384055,,
6329,1588233,250,3044,443.1,221.15697716,0.05,0.0001,0.9034366607666016,384558,,
6332,1590035,251,3048,436.77,222.15197901000008,0.05,0.0001,1.2804709672927856,385008,,
6335,1591862,251,3052,440.74,221.92062926,0.05,0.0001,0.22912326455116272,385465,,
6339,1593899,251,3056,445.99,221.00996132999998,0.05,0.0001,2.8430042266845703,385974,,
6341,1595707,251,3060,449.26,220.10548235,0.05,0.0001,0.2824539840221405,386426,,
6345,1597747,251,3064,451.78,219.29639105,0.05,0.0001,0.13879209756851196,386936,,
6349,1599776,251,3068,453.0,218.65422041999997,0.05,0.0001,0.10824646800756454,387443,,
,1600000,,,,,0.05,0.0001,2.988485336303711,387499,192.51574177417234,624.6
6359,1603382,252,3072,471.5,217.33586256,0.05,0.0001,2.7479376792907715,388345,,
6362,1605097,252,3076,463.74,219.31451417,0.05,0.0001,0.10360320657491684,388774,,
6365,1606839,252,3080,465.45,219.17088440999996,0.05,0.0001,0.1228184625506401,389209,,
6368,1608792,252,3084,465.64,220.60041758000003,0.05,0.0001,0.189760223031044,389697,,
6372,1610534,252,3088,465.33,221.07855328000005,0.05,0.0001,0.2652469277381897,390133,,
6375,1612386,252,3092,467.54,220.83598107999998,0.05,0.0001,0.11571885645389557,390596,,
6378,1614202,253,3096,470.76,220.07064588999998,0.05,0.0001,0.24665606021881104,391050,,
6381,1615903,253,3100,472.44,219.2780109,0.05,0.0001,0.09708992391824722,391475,,
6398,1619451,253,3104,487.04,216.29480173999997,0.05,0.0001,0.6728529930114746,392362,,
6400,1620892,253,3108,484.21,216.16338477999997,0.05,0.0001,3.034374237060547,392722,,
6404,1622915,253,3112,489.26,214.60155208,0.05,0.0001,0.820224940776825,393228,,
6408,1625202,253,3116,495.61,213.83754863000001,0.05,0.0001,0.10966669768095016,393800,,
6411,1627082,253,3120,498.03,213.06695862,0.05,0.0001,0.10184304416179657,394270,,
6414,1628908,253,3124,498.34,211.09036324999997,0.05,0.0001,0.1854407638311386,394726,,
6417,1630787,254,3128,499.72,210.99276357999995,0.05,0.0001,0.14030472934246063,395196,,
6422,1633607,254,3132,511.75,209.87676240000002,0.05,0.0001,1.1086682081222534,395901,,
6425,1635314,254,3136,509.28,209.40783440000004,0.05,0.0001,0.1036045253276825,396328,,
6428,1637061,254,3140,508.38,209.55137673000002,0.05,0.0001,0.1448366940021515,396765,,
6430,1638592,254,3144,503.59,209.87238734,0.05,0.0001,0.19953767955303192,397147,,
6434,1640495,254,3148,504.6,209.78390298,0.05,0.0001,0.2496132105588913,397623,,
6437,1642368,255,3152,505.06,210.39078371999997,0.05,0.0001,0.09678545594215393,398091,,
6439,1643887,255,3156,499.88,211.20621930000001,0.05,0.0001,0.09376800060272217,398471,,
6444,1646338,255,3160,506.31,210.37214877000002,0.05,0.0001,0.70918208360672,399084,,
6446,1648031,255,3164,502.84,210.33386938999996,0.05,0.0001,3.2875781059265137,399507,,
6451,1650290,255,3168,505.14,209.13791948,0.05,0.0001,0.7714926600456238,400072,,
6463,1652440,255,3172,490.58,209.01707779,0.05,0.0001,0.12836800515651703,400609,,
6467,1654108,255,3176,490.11,208.03077301000002,0.05,0.0001,0.17813530564308167,401026,,
6470,1655888,255,3180,490.49,207.29914951000003,0.05,0.0001,0.11880512535572052,401471,,
6473,1657601,256,3184,488.09,207.21467902,0.05,0.0001,0.1421537846326828,401900,,
6476,1659535,256,3188,490.01,206.46685332,0.05,0.0001,3.4720821380615234,402383,,
6482,1662272,256,3192,498.86,204.19440231999997,0.05,0.0001,0.13727670907974243,403067,,
6486,1664157,256,3196,499.55,204.25313236999997,0.05,0.0001,0.19308720529079437,403539,,
6489,1665915,256,3200,500.12,204.52350531000005,0.05,0.0001,0.10622699558734894,403978,,
6495,1668357,256,3204,489.06,208.33999290999998,0.05,0.0001,0.0893661230802536,404589,,
6498,1670174,257,3208,492.82,208.76546721,0.05,0.0001,0.186581552028656,405043,,
6505,1673138,257,3212,502.23,206.45181318,0.05,0.0001,0.25795042514801025,405784,,
6508,1674892,257,3216,496.9,206.9725833,0.05,0.0001,0.10786858201026917,406222,,
6512,1677244,257,3220,501.62,205.69114151000002,0.05,0.0001,0.8858736157417297,406810,,
6515,1679172,257,3224,502.64,206.82248515999996,0.05,0.0001,0.15025053918361664,407292,,
6518,1680884,257,3228,500.97,207.40147311,0.05,0.0001,0.13860388100147247,407720,,
6522,1682939,258,3232,493.32,208.99362047,0.05,0.0001,0.27998265624046326,408234,,
6526,1685270,258,3236,499.56,207.77886406000005,0.05,0.0001,0.20045650005340576,408817,,
6540,1687940,258,3240,508.79,206.50385021000002,0.05,0.0001,0.19955137372016907,409484,,
6547,1691119,258,3244,525.27,203.08308551000002,0.05,0.0001,3.2442352771759033,410279,,
6550,1693096,258,3248,526.01,202.41556457,0.05,0.0001,0.1208537220954895,410773,,
6556,1695769,258,3252,534.01,199.42891780000002,0.05,0.0001,0.551815390586853,411442,,
6561,1698315,258,3256,544.28,197.10413913999997,0.05,0.0001,0.2092265635728836,412078,,
,1700000,,,,,0.05,0.0001,0.19542992115020752,412499,146.6357427147646,883.2
6571,1700691,258,3260,543.53,188.15168752000002,0.05,0.0001,0.34126847982406616,412672,,
6575,1703045,258,3264,550.14,187.07633935,0.05,0.0001,0.6568442583084106,413261,,
6582,1706353,259,3268,560.63,185.08408081999997,0.05,0.0001,0.12536805868148804,414088,,
6585,1708206,259,3272,557.66,186.28390109000003,0.05,0.0001,1.2162333726882935,414551,,
6589,1710198,259,3276,560.9,186.70215463,0.05,0.0001,3.759082078933716,415049,,
6595,1712907,259,3280,570.19,182.25065194,0.05,0.0001,0.1443076878786087,415726,,
6611,1716360,259,3284,587.59,178.62703655,0.05,0.0001,0.1444670855998993,416589,,
6617,1719115,259,3288,595.8,177.19919462000001,0.05,0.0001,0.149666428565979,417278,,
6621,1721174,259,3292,589.02,172.55114199,0.05,0.0001,0.18772612512111664,417793,,
6629,1725056,260,3296,608.99,168.56259707,0.05,0.0001,0.15110044181346893,418763,,
6637,1728212,260,3300,622.97,165.6000406,0.05,0.0001,3.2953548431396484,419552,,
6642,1730621,260,3304,622.64,164.46674504999996,0.05,0.0001,0.20769885182380676,420155,,
6648,1733543,260,3308,633.69,161.65691546,0.05,0.0001,1.009133219718933,420885,,
6652,1735615,260,3312,624.77,164.78787083999998,0.05,0.0001,0.16033977270126343,421403,,
6659,1738883,261,3316,639.91,161.21892528,0.05,0.0001,1.0415798425674438,422220,,
6663,1740808,261,3320,635.64,162.87970961000002,0.05,0.0001,0.16170038282871246,422701,,
6667,1742988,261,3324,638.16,160.88113110999998,0.05,0.0001,0.4645189046859741,423246,,
6680,1745242,261,3328,643.58,159.85435060999998,0.05,0.0001,0.14780406653881073,423810,,
6684,1747087,261,3332,641.48,159.46762295,0.05,0.0001,0.1485196053981781,424271,,
6688,1749398,261,3336,641.28,159.63220641,0.05,0.0001,0.06488554179668427,424849,,
6693,1751843,261,3340,639.03,159.2121602,0.05,0.0001,0.27837952971458435,425460,,
6697,1753828,261,3344,627.09,161.59343826000003,0.05,0.0001,1.9099210500717163,425956,,
6705,1756982,262,3348,638.86,160.31312679,0.05,0.0001,1.339564323425293,426745,,
6709,1759149,262,3352,633.8,161.31590397,0.05,0.0001,0.1300259828567505,427287,,
6711,1760834,262,3356,625.19,163.01163062,0.05,0.0001,0.1924189329147339,427708,,
6716,1763060,262,3360,623.69,171.40230444,0.05,0.0001,3.087763786315918,428264,,
6720,1765497,262,3364,624.52,171.73882236999998,0.05,0.0001,0.15696105360984802,428874,,
6725,1767656,262,3368,613.03,173.95713222999996,0.05,0.0001,0.14141783118247986,429413,,
6728,1769578,262,3372,613.72,173.20310924000006,0.05,0.0001,0.30239737033843994,429894,,
6734,1772196,263,3376,619.98,169.27789743000002,0.05,0.0001,0.13436520099639893,430548,,
6737,1774104,263,3380,611.97,174.29225136000002,0.05,0.0001,0.8836268782615662,431025,,
6741,1775977,263,3384,596.17,177.47988986000001,0.05,0.0001,0.07453981786966324,431494,,
6756,1779183,263,3388,600.68,175.94527430999997,0.05,0.0001,0.8765593767166138,432295,,
6760,1781025,263,3392,598.51,182.40433532,0.05,0.0001,0.13136780261993408,432756,,
6763,1783018,263,3396,579.62,186.50072261000003,0.05,0.0001,0.08278276771306992,433254,,
6768,1785151,263,3400,569.39,188.23976015,0.05,0.0001,0.13464400172233582,433787,,
6771,1787083,263,3404,564.62,190.20505450000005,0.05,0.0001,0.33377957344055176,434270,,
6775,1789046,264,3408,555.03,192.51094617,0.05,0.0001,5.873105525970459,434761,,
6782,1792049,264,3412,564.34,186.72760308,0.05,0.0001,0.14406973123550415,435512,,
6785,1793880,264,3416,549.97,189.84755900000005,0.05,0.0001,0.1269320845603943,435969,,
6795,1797911,264,3420,571.03,183.90988894000006,0.05,0.0001,0.09629553556442261,436977,,
6798,1799591,264,3424,566.03,186.12307910000004,0.05,0.0001,1.8861340284347534,437397,,
,1800000,,,,,0.05,0.0001,0.4146062135696411,437499,187.2135492815334,634.6
6808,1802429,264,3428,571.87,186.23534026000002,0.05,0.0001,1.6254583597183228,438107,,
6812,1804679,264,3432,575.92,185.82353792,0.05,0.0001,0.10621169954538345,438669,,
6827,1807555,264,3436,581.57,184.68931098999997,0.05,0.0001,0.11219979077577591,439388,,
6830,1809453,264,3440,576.1,186.36418808000002,0.05,0.0001,1.1213932037353516,439863,,
6833,1811399,265,3444,575.71,186.55530811999998,0.05,0.0001,0.20779170095920563,440349,,
6837,1813538,265,3448,565.56,187.68868068,0.05,0.0001,0.17329388856887817,440884,,
6841,1815634,265,3452,564.85,187.98572977999996,0.05,0.0001,0.11909014731645584,441408,,
6850,1819447,265,3456,586.13,184.76844315000005,0.05,0.0001,0.4356614947319031,442361,,
6852,1821018,265,3460,579.58,186.62546976999994,0.05,0.0001,2.116422414779663,442754,,
6855,1822770,265,3464,572.73,187.75033458000001,0.05,0.0001,0.10715805739164352,443192,,
6858,1824461,266,3468,568.05,189.48751019999997,0.05,0.0001,0.12036139518022537,443615,,
6860,1825802,266,3472,562.24,192.31178036999998,0.05,0.0001,1.9437448978424072,443950,,
6863,1827478,266,3476,552.82,196.93651831999995,0.05,0.0001,0.3572743833065033,444369,,
6868,1830043,266,3480,559.39,195.22007347,0.05,0.0001,0.06598459184169769,445010,,
6871,1832119,266,3484,561.42,189.33319805,0.05,0.0001,0.21753332018852234,445529,,
6873,1833477,266,3488,542.94,193.20808546,0.05,0.0001,0.7379319071769714,445869,,
6876,1835011,266,3492,539.86,195.06465224,0.05,0.0001,1.3625046014785767,446252,,
6880,1837441,267,3496,544.23,194.86053210000003,0.05,0.0001,0.17511513829231262,446860,,
6894,1840350,266,3500,551.99,193.89940248000002,0.05,0.0001,0.2829292416572571,447587,,
6897,1841850,267,3504,547.67,194.13989085000006,0.05,0.0001,0.2743775248527527,447962,,
6900,1843386,267,3508,543.4,195.84614495999998,0.05,0.0001,0.3857741355895996,448346,,
6902,1844893,267,3512,528.44,201.96651825,0.05,0.0001,0.48178866505622864,448723,,
6908,1847541,267,3516,536.61,201.51971129999998,0.05,0.0001,1.4237565994262695,449385,,
6911,1849189,267,3520,512.78,205.36490644000003,0.05,0.0001,0.20745475590229034,449797,,
6913,1850600,267,3524,510.09,206.71283471000004,0.05,0.0001,0.1484837681055069,450149,,
6915,1851943,267,3528,495.14,208.54688013999998,0.05,0.0001,0.5671601295471191,450485,,
6917,1853349,267,3532,486.7,209.58627324999998,0.05,0.0001,0.19161179661750793,450837,,
6919,1854911,268,3536,473.56,212.93129329999996,0.05,0.0001,0.8109063506126404,451227,,
6921,1856347,268,3540,468.94,214.51076824999996,0.05,0.0001,0.12183220684528351,451586,,
6924,1857985,268,3544,465.86,216.24873368000002,0.05,0.0001,0.05095423385500908,451996,,
6926,1859430,268,3548,458.92,215.11353373000003,0.05,0.0001,1.7361156940460205,452357,,
6928,1860827,268,3552,451.93,217.90623691000002,0.05,0.0001,0.2455890029668808,452706,,
6930,1862190,268,3556,427.43,222.42537048000003,0.05,0.0001,0.1110319122672081,453047,,
6932,1863577,268,3560,425.59,223.92949956999996,0.05,0.0001,0.11251144856214523,453394,,
6934,1864985,268,3564,422.15,224.39738771999998,0.05,0.0001,0.1366834044456482,453746,,
6938,1867200,269,3568,427.39,224.04093643,0.05,0.0001,0.12503688037395477,454299,,
6940,1868651,269,3572,428.49,223.50538865,0.05,0.0001,0.18536648154258728,454662,,
6943,1870709,269,3576,432.31,221.87881111000002,0.05,0.0001,4.432680606842041,455177,,
6946,1872137,269,3580,420.94,223.93732136,0.05,0.0001,0.7001104950904846,455534,,
6948,1873446,269,3584,413.27,228.77891659000005,0.05,0.0001,0.15722425282001495,455861,,
6950,1874821,269,3588,413.44,229.15140192000007,0.05,0.0001,0.7923189401626587,456205,,
6952,1876255,269,3592,412.44,228.63119171,0.05,0.0001,0.4648110568523407,456563,,
6954,1877617,269,3596,401.76,229.59466763999998,0.05,0.0001,0.16764697432518005,456904,,
6956,1878868,270,3600,385.18,233.25440259000004,0.05,0.0001,0.1115839034318924,457216,,
6966,1880327,269,3604,384.77,233.62558753999997,0.05,0.0001,0.11688724160194397,457581,,
6969,1881841,270,3608,384.55,233.56158825000003,0.05,0.0001,0.12694455683231354,457960,,
6972,1883343,270,3612,384.5,234.94962723999998,0.05,0.0001,1.823847770690918,458335,,
6974,1884845,270,3616,373.04,236.32863620000003,0.05,0.0001,0.12374747544527054,458711,,
6976,1885995,270,3620,368.06,239.39913827,0.05,0.0001,0.7932126522064209,458998,,
6978,1887555,270,3624,369.55,238.7117822,0.05,0.0001,2.9899098873138428,459388,,
6980,1888924,270,3628,369.81,239.43518871,0.05,0.0001,0.9920591115951538,459730,,
6982,1890349,270,3632,370.0,239.94899099999998,0.05,0.0001,0.18223434686660767,460087,,
6984,1891668,270,3636,367.57,240.22717464,0.05,0.0001,0.1750120222568512,460416,,
6986,1893079,270,3640,367.32,240.48389746000004,0.05,0.0001,0.13795913755893707,460769,,
6990,1894679,271,3644,366.94,239.17659831,0.05,0.0001,0.13441798090934753,461169,,
6994,1896769,271,3648,373.39,241.12023585999992,0.05,0.0001,3.1786577701568604,461692,,
6995,1898031,271,3652,372.04,240.50519432000002,0.05,0.0001,0.14084890484809875,462007,,
6998,1899466,271,3656,372.76,241.01391693999997,0.05,0.0001,0.11631487309932709,462366,,
,1900000,,,,,0.05,0.0001,0.16121912002563477,462499,230.86892295174934,383.2
7001,1901002,271,3660,374.25,240.47564164,0.05,0.0001,0.2209395319223404,462750,,
7004,1902539,271,3664,375.54,240.48894950000002,0.05,0.0001,0.10832972824573517,463134,,
7007,1904256,271,3668,370.56,240.28596876,0.05,0.0001,0.19659864902496338,463563,,
7009,1905541,271,3672,368.9,239.77348566,0.05,0.0001,0.15776588022708893,463885,,
7011,1906888,271,3676,361.79,241.6361098,0.05,0.0001,0.7074461579322815,464221,,
7012,1908116,272,3680,359.79,238.84701989,0.05,0.0001,0.15618763864040375,464528,,
7014,1909429,272,3684,359.83,240.17395278000004,0.05,0.0001,0.369488000869751,464857,,
7016,1910646,272,3688,358.25,238.03079704000004,0.05,0.0001,4.165561199188232,465161,,
7018,1912357,272,3692,361.02,237.53155245,0.05,0.0001,0.8085477948188782,465589,,
7020,1913405,272,3696,357.88,236.04307657000004,0.05,0.0001,1.0894629955291748,465851,,
7022,1914788,272,3700,359.2,235.45428967000004,0.05,0.0001,0.07968896627426147,466196,,
7027,1917253,272,3704,369.26,233.70375846,0.05,0.0001,0.05874445289373398,466813,,
7037,1918711,272,3708,368.7,234.05143177999994,0.05,0.0001,0.11309457570314407,467177,,
7040,1920144,272,3712,368.01,233.21201284999998,0.05,0.0001,0.6877082586288452,467535,,
7042,1921594,272,3716,367.49,234.07898062000007,0.05,0.0001,1.0833923816680908,467898,,
7044,1923061,272,3720,370.66,234.60198602000003,0.05,0.0001,0.891270101070404,468265,,
7046,1924395,273,3724,368.4,235.41906683000005,0.05,0.0001,0.0913681909441948,468598,,
7048,1925632,273,3728,367.08,232.73731995000003,0.05,0.0001,0.1602560579776764,468907,,
7050,1926817,273,3732,364.68,231.36948637,0.05,0.0001,0.5324656963348389,469204,,
7051,1928124,273,3736,364.56,231.73949022999997,0.05,0.0001,0.19147051870822906,469530,,
7053,1929168,273,3740,360.89,226.68024355,0.05,0.0001,0.45132482051849365,469791,,
7054,1930359,273,3744,356.8,227.39862794999996,0.05,0.0001,1.201703429222107,470089,,
7057,1931727,273,3748,349.58,226.56839784,0.05,0.0001,1.6597752571105957,470431,,
7058,1932971,273,3752,349.4,226.61152943000002,0.05,0.0001,0.12446746230125427,470742,,
7061,1934521,273,3756,350.55,226.60020528,0.05,0.0001,0.13967452943325043,471130,,
7063,1935954,274,3760,349.52,226.56042230999995,0.05,0.0001,0.09654708206653595,471488,,
7065,1937325,274,3764,347.86,226.02826858,0.05,0.0001,0.10664374381303787,471831,,
7068,1939495,274,3768,352.39,226.21223081,0.05,0.0001,0.13720738887786865,472373,,
7070,1940943,274,3772,354.02,224.42104060000005,0.05,0.0001,0.14109984040260315,472735,,
7072,1942109,274,3776,352.21,224.95351685000006,0.05,0.0001,0.05842755362391472,473027,,
7074,1943316,274,3780,352.0,225.94381457,0.05,0.0001,0.16880939900875092,473328,,
7075,1944362,274,3784,349.33,224.51295739,0.05,0.0001,0.06584706157445908,473590,,
7077,1945635,274,3788,349.89,224.61236187000003,0.05,0.0001,0.22958482801914215,473908,,
7079,1946825,275,3792,344.68,224.84484434,0.05,0.0001,1.0204299688339233,474206,,
7081,1948473,275,3796,350.68,226.06227667,0.05,0.0001,0.1421269327402115,474618,,
7083,1949864,275,3800,350.76,227.13615901000006,0.05,0.0001,0.13126559555530548,474965,,
7086,1951245,275,3804,339.92,226.93423827000004,0.05,0.0001,0.2255566269159317,475311,,
7088,1952620,275,3808,339.09,224.23499932000001,0.05,0.0001,0.16772793233394623,475654,,
7089,1953789,275,3812,336.45,222.98386613000002,0.05,0.0001,0.17742080986499786,475947,,
7091,1955169,275,3816,335.75,223.00196696999998,0.05,0.0001,0.27043256163597107,476292,,
7093,1956283,275,3820,332.22,223.39895327,0.05,0.0001,0.9620059132575989,476570,,
7095,1957882,275,3824,334.87,222.61365078999995,0.05,0.0001,0.09134234488010406,476970,,
7097,1958994,276,3828,333.62,224.71579221,0.05,0.0001,0.1862020045518875,477248,,
7098,1959900,276,3832,330.83,223.79638725000004,0.05,0.0001,0.30811601877212524,477474,,
7111,1962333,275,3836,342.09,221.45415537000005,0.05,0.0001,0.12282270193099976,478083,,
7113,1963467,276,3840,342.99,226.40670397000002,0.05,0.0001,3.403963565826416,478366,,
7115,1964913,276,3844,345.54,225.13659761,0.05,0.0001,1.7212104797363281,478728,,
7116,1965830,276,3848,341.03,225.61653912999998,0.05,0.0001,0.2719575762748718,478957,,
7118,1967069,276,3852,340.98,226.18960898,0.05,0.0001,0.1673378050327301,479267,,
7120,1968452,276,3856,339.31,226.57674155,0.05,0.0001,0.6304787993431091,479612,,
7123,1970218,276,3860,342.64,225.30083835999994,0.05,0.0001,0.073637954890728,480054,,
7125,1971697,276,3864,343.72,224.25357719999997,0.05,0.0001,3.0422353744506836,480424,,
7127,1972863,276,3868,333.68,223.1636803,0.05,0.0001,1.1672029495239258,480715,,
7128,1973588,276,3872,326.45,221.44206315000002,0.05,0.0001,0.6881973147392273,480896,,
7129,1974694,276,3876,325.85,216.13779693000004,0.05,0.0001,0.12562453746795654,481173,,
7131,1975906,277,3880,325.9,216.6460983,0.05,0.0001,0.06799761950969696,481476,,
7133,1977258,277,3884,328.96,216.65045591999998,0.05,0.0001,0.6392382979393005,481814,,
7135,1978577,277,3888,329.42,216.47466581,0.05,0.0001,0.38537076115608215,482144,,
7136,1979296,277,3892,324.71,210.14082546999998,0.05,0.0001,0.10826998949050903,482323,,
7139,1981237,277,3896,327.64,208.72489949999996,0.05,0.0001,0.07489896565675735,482809,,
7141,1982221,277,3900,323.57,205.54354888999998,0.05,0.0001,0.1814701110124588,483055,,
7142,1983228,277,3904,319.83,201.58488888,0.05,0.0001,0.12369702011346817,483306,,
7143,1984139,277,3908,315.19,199.95867611999995,0.05,0.0001,0.1515498161315918,483534,,
7145,1985415,277,3912,316.26,201.38694996,0.05,0.0001,0.09424832463264465,483853,,
7148,1986982,277,3916,318.13,196.52165366,0.05,0.0001,0.15615393221378326,484245,,
7149,1988163,278,3920,318.8,195.80465579,0.05,0.0001,3.027898073196411,484540,,
7151,1989220,278,3924,313.38,194.38922143,0.05,0.0001,0.2308603823184967,484804,,
7154,1991360,278,3928,323.66,190.68805550000002,0.05,0.0001,0.731920063495636,485339,,
7156,1992455,278,3932,325.55,191.30310066999994,0.05,0.0001,0.10895257443189621,485613,,
7157,1993481,278,3936,311.48,188.59855515999996,0.05,0.0001,0.2251041829586029,485870,,
7159,1994596,278,3940,311.29,184.09016251,0.05,0.0001,0.8818008303642273,486148,,
7161,1995751,278,3944,308.38,185.06514976000003,0.05,0.0001,0.1126318946480751,486437,,
7162,1996719,278,3948,308.89,184.70599598999996,0.05,0.0001,0.31034573912620544,486679,,
7163,1997973,278,3952,309.04,184.38675470999996,0.05,0.0001,2.996828556060791,486993,,
7165,1999139,278,3956,306.87,183.69496541,0.05,0.0001,1.2629241943359375,487284,,
,2000000,,,,,0.05,0.0001,0.13446193933486938,487499,214.78415077547143,297.4
